x1,x2,x3,x4,x5,x6,y
-0.5166695463535944,-0.280840598746961,-0.9791213419790313,-0.018990296992078215,1.0,1.0,8.119951503790958
0.8402309596258244,-0.2417711171508462,0.2252226999557318,-1.0,-1.0,-0.8711252799206144,8.210542092436912
-1.0,-1.0,-0.9076451232991228,-0.07712197979797575,0.9322195493068686,0.8537226913972857,0.7143439175237684
1.0,0.6819365361305179,0.06234358053665745,0.4723314298855328,1.0,0.6372970859761402,-1.2805608366435228
-0.8234669235412313,-0.9378306651199529,-0.2295637113912352,-0.2340201690464805,0.5032732336033958,1.0,1.7900247787618233
1.0,1.0,0.7845322483781525,0.31711638921271024,0.24454870689206282,-0.3498916803807767,-1.1856739636249265
0.7509882263784358,-0.31124047692437484,-0.10324490170097245,0.7305919417828688,-0.4666468468113156,-0.21930952502336942,1.3392310206579086
-1.0,0.8278177085768375,-1.0,-1.0,0.41214611998454787,0.289282577804493,1.8643732401333826
-0.3251337732760613,-0.1050022176713008,-1.0,-0.6392418613710462,-1.0,-0.39105882897297034,-2.1923950926222497
0.6825156345393049,-1.0,0.9190226774718054,0.4901498935869379,0.8671267299129712,1.0,-1.177418041852508
0.037549768649629556,-0.04458438812923264,-0.11099477204844588,-0.1570987016823583,0.709325677790205,-0.035522421775670776,-0.7770719615732158
-1.0,0.08673181017227938,-1.0,-0.7923105373474582,1.0,0.38844466860579274,1.1432838216352434
-0.33257369860918584,0.29119186593060375,0.6891149500152685,0.8824699000583484,-0.5211245041052062,-0.06476595705376897,-0.7505638751795811
-0.2926501213256343,-1.0,-1.0,-1.0,-1.0,-1.0,5.920301050077102
-1.0,-1.0,-0.9324152121160963,-0.2796778359436739,-0.12316574686897452,-0.7418246868032423,-0.5218281085419392
-0.3795569432966941,-0.028389438913534848,-0.28038706114673917,-1.0,-1.0,-0.7732001668061118,2.389849898942942
-0.404665720035005,-0.6915294307346277,0.49623200498335074,-0.7648444546225364,-1.0,-0.9118630313484883,3.333277262493167
1.0,1.0,-0.019114957655071263,0.011793710322302753,0.29467689991144863,0.1402017493897567,0.6970553039596132
-0.2050058876132863,-1.0,-1.0,0.5755736554085511,0.8413538660837644,0.02891532089111304,-3.7106094139933985
-0.09771865809179026,-0.39436234902241907,0.6644270133386003,-1.0,0.44616046223387973,0.1788762645632057,-1.0757523806644433
-0.15887101077455051,0.04270640118466906,-0.5223940896270732,-0.9976931696844714,0.4767292406308238,-0.12521330621756066,0.5015309753096724
-1.0,-1.0,-0.9765772679772593,-0.8108714508951587,0.12792951040322698,-0.8943527496099091,0.9256596444349827
-0.022490697926522363,1.0,1.0,0.14548885190993255,0.2992779586758887,0.8178787427133367,-4.198169067794634
-0.9678315059359512,-1.0,-1.0,-0.41667512322894673,-1.0,-0.14127515956267245,-5.389785495570484
-0.07708789625641632,-0.5779246285370865,-1.0,-0.3969272619625087,-0.2679280518354389,-0.31807644670048585,-0.7437257786041729
0.3597491777291426,-0.27505509428649877,-0.34156302717783116,0.31457244402033285,-0.30846461453963714,1.0,3.501902661867192
-0.056809498335661734,0.06286394917911847,0.5878298907323167,0.3316822292467716,1.0,0.3165348261532954,-0.4117392519172597
-0.2014844854858128,0.4379392605105149,1.0,-0.1140159888807522,-0.7692130187854979,-0.20174061420211542,-0.9154303472896855
0.46651926181644615,0.38380387735708144,-0.9424621601150446,-0.019421636964600197,-0.32223790967696586,0.42757878578145375,1.7497363157640988
-0.5414653594116532,-0.32051077959960506,-0.41202963736798326,-0.7878713447405119,0.8316939334512912,0.5563631420756715,1.6285668702347358
-1.0,1.0,0.1356942975438511,0.9196656095702951,0.10776842190497926,0.8720039197825503,-2.0129365646135517
0.9782435748422378,1.0,0.15764845112208725,1.0,-1.0,-0.3126465862947624,6.110904428821194
0.318172056936538,-1.0,-0.9238183135195732,-1.0,-1.0,-0.836323067793137,6.328045571110586
0.7693540634492304,0.2051827583450856,0.6940085683045956,-0.0036955830880276153,0.8130824360842248,-1.0,0.5566558490903546
-0.26150838371113816,0.17703221262860813,-0.7727330655835698,0.06366973266804932,-1.0,-0.31352812642885186,-1.9085802200544797
1.0,1.0,0.7787777702984027,0.6536534373071405,0.5439546492290397,-1.0,-1.5097276394679129
-0.5177166333395575,0.6945036767927294,1.0,-0.6699403804346922,0.8587663847115177,0.7708278669994698,-1.2905441656264738
-1.0,0.19815114823226568,-0.291905368242116,-1.0,-1.0,-0.016192812745549734,-1.1395835544094317
-0.4714760578005214,-0.5495917117274445,1.0,-0.5281176026691096,0.9357061430209661,0.6297692646998706,-1.9093836130289583
0.25069203578713845,-1.0,-1.0,-1.0,-0.9902796825082778,-0.6422594267540036,6.06375521534198
1.0,-0.4341429742076303,0.12958374245271614,0.43235755824705224,0.4271813753413056,-0.8806696202130595,2.251857423004487
0.8562125986066529,0.6978303681940103,1.0,0.6333110340014221,0.5264364453869864,0.7344143981666471,-4.297886221133156
0.579708162243461,1.0,0.6626904013538699,1.0,-1.0,0.5432869520953661,2.1954887187022085
-1.0,-0.21944519972515353,-1.0,-0.1610481470749442,0.6798755831833476,-0.5096335377244803,0.6129346560335867
0.09537105146319647,0.954285157677085,1.0,0.7912004314660954,0.4951770098238458,1.0,-4.5664618464832305
-0.9432215984066986,-0.6436746611400269,-0.15500879107569754,-1.0,-1.0,-0.6696941372613614,2.8394373557066332
-0.7770976220417769,-1.0,-1.0,-0.9099587263325284,-0.20418168901694211,0.869730998421443,-3.1504324033846878
-1.0,-1.0,-1.0,-0.47688115673824605,1.0,0.5184588304753085,-3.945833878941832
1.0,0.8386342043289476,1.0,1.0,-1.0,-0.8687483315671249,7.174651660232104
-1.0,-1.0,-1.0,-1.0,-0.4752091358168059,1.0,-0.6995725201802949
-0.33516975732086507,-1.0,0.5218711169831968,0.025768147393021468,-1.0,-1.0,3.730071750644969
-1.0,-0.5401887774106557,0.3445601536606575,-1.0,-0.5446938824987506,-1.0,2.8127173466749333
-1.0,-0.5317759504117243,0.1807295058697393,0.45129474921815116,1.0,1.0,4.934902207904108
1.0,0.5077295319047151,-0.15288433263727308,-0.8098525750014819,0.42534758272161666,0.11251068537867226,-1.0928555061181051
-0.18471569329458815,0.7931431515148979,1.0,0.9529836623300281,1.0,1.0,-3.1498732730768677
-1.0,-0.18208804078976315,-1.0,-1.0,0.2277930313624057,0.32608691805869416,-1.51873665569598
1.0,0.3332661694943282,0.8677794472153,0.5234146603225244,1.0,0.9478164778836691,-4.012196439207965
-0.9166053486397595,1.0,-1.0,0.07278729702094172,0.6415162916208479,0.5420434637759173,7.7519592039950105
-0.4488923320975039,-0.31602596836744457,0.27039849463408006,-0.27628550847954036,0.3061229303699615,0.18415620113797582,0.06307856981683568
0.838200173720224,-0.6011302451104248,-1.0,0.2561557673746241,0.3261756900542395,1.0,3.0505392617641567
-1.0,0.4961838419256705,-0.8307197394033217,-1.0,0.23081095093545384,0.8464656828284377,4.520548347630247
1.0,0.22748996864030824,1.0,1.0,0.9981337459279078,-1.0,-4.063583949958666
1.0,0.5877822317212607,0.9341992235707438,1.0,-1.0,-1.0,9.578347256791666
-0.5764349045896919,-1.0,0.42483152589743367,-0.4654770614114154,-0.2954152918161683,-1.0,5.9759022451693316
-1.0,-0.8760001802715058,-0.7170567531346868,-1.0,-0.6787587373142736,0.8106451536137692,-2.4205127013242413
0.931421717470609,0.45581989976652104,0.11513668793404769,-0.9493821987302119,-1.0,-1.0,7.161913792187275
1.0,-0.6069140927743779,-0.32179897062101204,0.5343485056516519,0.1572535056899651,0.8298471681912908,1.1399483677433608
1.0,1.0,1.0,0.05194552779457973,-1.0,1.0,1.1357847045301788
0.17729372943411875,0.8264509124495386,0.22562846866043762,0.02699648133545285,1.0,0.31808780212106175,1.0819968807705957
-0.5448722825929289,-1.0,-0.928825899699973,-0.9169504301441156,0.24832088908691763,-0.640856656345763,-1.597353234649269
0.8460456090292596,0.9779234329888996,1.0,1.0,0.2038294992787424,-0.19491691485635732,-3.5058968455348904
0.7096535213496681,-1.0,0.4495977907701696,-0.5782381294370255,-0.1648772420760925,0.011353324133769105,2.525896409761476
-1.0,-0.2179792330013377,-0.026443365445983802,0.05515661599748317,0.38638879185552155,0.5266611325037196,1.4952922000997009
-0.40675279841313006,-0.4614445762898983,0.3822643342729757,-0.45043428401783625,-0.35563303022850157,1.0,0.29405570950424664
-0.048855994421565574,0.7722368151187071,0.9388576701578033,1.0,-0.3281123218962936,1.0,-3.363145936796371
-0.8637949912269177,0.020876195684997878,-1.0,-1.0,0.017653011182770906,-0.6591407819224471,0.38133536510522564
0.4950514968466079,-0.3778955185969588,0.9869334559587695,0.020416395516251074,0.48101808066409946,-0.6247396621701847,0.30797233906038585
-0.35363473861192946,0.4363353012917228,0.18348811885620686,0.5303861904721399,0.5463740864333553,-0.23774516008769575,-0.30346469112382846
-0.12410980973441219,-1.0,-0.605501659683596,-0.6303280528513967,1.0,1.0,1.684969223196539
-1.0,-0.0004886088303925895,-0.8010236425291377,-0.13852045558444503,-1.0,1.0,2.9931666571790743
0.33470994910394475,-0.6243432563454727,-0.6148509822215804,-0.4083332234689794,-0.817990699654638,-0.21045156267964482,0.5233102374176992
-0.5246229031622842,-0.013845398540226483,-0.5732740163748404,-0.6348871347363098,0.19487041582778075,0.950591534181368,3.343258099379282
0.8617481536586133,1.0,0.38581339523900177,0.17656389428105657,1.0,-0.2179988185090853,-2.2294774823991315
1.0,0.35972827327157697,1.0,1.0,0.45951927719986085,-1.0,-0.9073003457396877
-0.12900451190153006,-0.6183956849953012,-1.0,-0.1194375156697016,1.0,1.0,6.239020727949807
-0.38304588913822457,-0.4636805332946192,0.12401781913055387,0.11662098555389597,1.0,0.2628365798556649,1.0990092381745287
0.19401366782294827,0.5445796728238035,1.0,0.19169117069215558,1.0,1.0,-1.4986355844717214
-1.0,-0.2008617248140665,-1.0,-1.0,0.4787597940078027,0.5259162609166599,0.6084888826765379
-0.3141295424380127,-1.0,-1.0,-0.22632084596031543,-0.14769807541801006,0.04174566650200162,-3.181195746273328
1.0,1.0,1.0,1.0,0.9319422249831848,0.36225105366861365,-8.537356786474824
-1.0,-1.0,-0.23217848553594633,-1.0,1.0,1.0,1.6608028687700398
-0.8508333834703321,-0.3648673753903646,-0.18388725352219293,-0.9393175040486852,0.38074612432084454,0.805549215747493,1.79021156546244
0.26119704762390294,-0.2979206427723131,-1.0,0.038462527778186484,-1.0,-0.4962722059670317,0.9894004263581072
-1.0,-1.0,-0.5406372047123371,-0.22460955730742888,0.29702421476986895,1.0,0.6592514207039464
0.4994203006004104,0.7249946441942018,1.0,0.28554202804890144,0.07300710754838047,1.0,-2.272346856183621
-1.0,-1.0,-0.46508276061459364,-0.9820950223827423,-0.5261002682834972,-0.12394609225725262,-2.497124084912428
-1.0,0.011636032641799798,0.22623419127869093,-1.0,-1.0,0.16430495129088335,-1.0025521445782315
0.8792264979507467,0.3354471110575337,0.4936618187573657,0.7026316426753693,0.6621620592628348,1.0,-0.03629970800051853
-1.0,-0.45042256524933477,-1.0,-0.08133359737934853,0.2846164488468562,-0.5630909168805586,1.3964999697728337
0.5694231233367026,0.4423989158949939,1.0,0.2817183499411175,0.8042043152759142,0.6088979483123715,-3.3814224686155683
0.6651144742632559,-0.37040924762971605,-1.0,-0.9729766083529559,-0.3779270632853078,-0.2321153184596653,0.21720488836560814
-1.0,-0.9883771375354069,-0.025783592144646872,-1.0,-1.0,-0.884290363954658,6.028203400795071
-1.0,-1.0,1.0,-0.22468299882797454,0.40327265637150456,-0.7481622927390128,6.550623244508868
-0.09501249923428301,0.08223592483532394,-0.12729642754480436,0.9141100247412406,0.24706137932700822,1.0,2.2723307763618545
0.45102157228883755,0.13669107744558506,1.0,-1.0,-1.0,-1.0,2.40253276501438
1.0,0.8271302865929271,1.0,-0.12652398177134705,-0.36675551130653616,1.0,-0.5507633201230009
-0.7497056631429662,-0.5963213989918656,-0.6268708045701101,-0.3241239889170115,-0.7465902683647925,-1.0,1.157189730284077
0.08593729218368806,-0.1722071826908258,-0.6334289126797448,-0.16549970754042986,0.07169486791466904,0.45019675680651794,0.5470038221192707
0.7357625730330801,1.0,0.4232984094648429,-0.2058049699814724,-0.2892031293413968,-0.1972256773996246,0.45561966027383816
1.0,0.7344638927597369,1.0,0.09662840475441425,-0.5227179318833267,-0.08970406726412716,1.1840172746311175
0.01994339768132289,0.06765778130752698,0.4218555266281684,0.8863823336081352,-0.9381404918224762,-1.0,3.039957341818103
0.34150910307712024,1.0,0.7819619318145995,1.0,0.1589930454464005,-0.3850197237900371,-2.6031071206461283
-0.6811346541850797,-1.0,-0.08555051573720934,0.3646610276442634,-0.5370585134212169,-1.0,2.29598306208021
-1.0,-0.13621041741358947,-0.6422181746762851,0.5450779429819239,-0.268470782209006,1.0,2.7760805694700643
-1.0,-0.10603652701829047,-0.9224884869192531,-1.0,-1.0,-0.08833995483606549,-2.794626743636009
1.0,0.9884535658049698,-0.8745830953325362,-0.28484275965835704,-0.27824444433305784,0.6473812899327622,5.991032641172765
1.0,-0.2658456978477667,0.6680493592391191,1.0,-0.5155745150314608,-0.5217871948810027,3.3097213310401443
1.0,-0.957126441491642,0.7295414862500941,0.6039751700192102,-1.0,1.0,9.087350066977201
1.0,0.12433574489322252,-0.17167307260987213,0.5827951760575154,-1.0,-1.0,6.890575338574137
0.09208318053781717,1.0,1.0,0.7259210158569185,-1.0,-1.0,-0.10024028472817281
0.3014917334596364,-0.3481923401512286,0.550059922609709,-0.18480245993462563,-1.0,0.07503085866764903,1.489851385095826
-0.41395384366457616,0.8941844167365907,1.0,-0.8834457611872506,-0.373714622049218,-0.6434065528055642,-3.801126753304366
-0.44566221665315897,-0.9335760261374919,-0.7891826390654844,-1.0,-0.905195892131051,0.9713720088185318,3.54451188072731
-0.6267806000304526,-0.9998508652984758,-1.0,-0.7225652507185218,-0.22182929002466434,-0.23112065214557176,-3.9442786088029167
-0.9460269314008221,-1.0,-0.4890385685174483,0.7487061728592521,-1.0,-0.6688630370778073,-2.300855766574119
-0.34218411938276433,-0.9222103463585979,-0.29243603985000727,-0.7992734282496228,-0.8438515732097394,0.23913009194763643,0.6991687905779703
-0.9196791367944896,-0.810833814222848,-0.27951111923475236,-1.0,1.0,0.8101562787261369,1.8176727277107565
-0.41422723327010225,-0.3095418638604517,-1.0,-1.0,0.7642460953093203,0.61849232925216,1.4116188556425835
0.5812637189310361,1.0,-0.8121279202550774,1.0,-0.08360431069719443,0.9610691842810989,5.016268971420403
0.8392412279363684,1.0,-0.15091762508384954,-0.4046284844809979,0.7583848385561728,0.3363014035261832,0.19506450052369093
1.0,1.0,1.0,0.7423554957240803,0.09075744494866667,0.1921804252844949,-3.3844119548049956
0.4168959199110784,-1.0,-0.569452084539547,-0.8922271144574587,-0.4300120860384997,-1.0,5.1771989979784845
0.0626345005964235,-0.3876795537377069,-0.16806531792942792,0.3768598182428304,0.26638675454538674,1.0,2.894870016302047
-0.731720131121134,-0.8384767838538443,1.0,-0.4973570002384156,-1.0,-0.006715876623183181,0.32679495019714044
0.560286215632681,0.23420707134090124,-0.9071152363194769,0.43322816264345826,0.27550240860995767,-0.9376567891424998,1.082624118631831
0.7041211213811297,-0.30011855166546514,-0.37887611868328847,-0.7434380518610599,-1.0,-0.9950806382279436,5.416824097146813
-0.9192837962849871,-1.0,-0.6943999246457032,-0.6880790428215177,1.0,0.8795012644605724,0.4301344384785532
-1.0,-1.0,1.0,-1.0,1.0,0.5570483661748118,-2.05906615113862
0.2826356817861967,1.0,0.04317626593389786,0.373326366714439,-0.13210522656982143,0.6138165000109136,1.4650514103053363
0.9622606179871025,1.0,1.0,0.590285786644134,-0.4658682215751038,-1.0,3.369132365819298
-0.3239527346404563,-1.0,0.6277951658987804,-1.0,1.0,0.9331989272169643,0.9206019074955645
-0.666092312730887,0.36029034457831166,1.0,1.0,0.4709384558634446,-0.186183637480708,-0.5933123192525263
1.0,0.07565373998160929,0.24058884953255905,-0.0831914087964919,0.28771650187390085,-0.5819299481639852,0.7335870032153953
-1.0,-0.8274401088996877,-1.0,-0.7623159492820091,-1.0,-0.6654766916143415,0.023761856234819044
1.0,0.504801011487392,-0.10638548802510273,-0.4139568005683291,-0.91233576249009,0.611792250732555,4.40168334354006
-1.0,-1.0,-1.0,-1.0,-0.7676560056594064,-0.19247368743335136,-3.0995368748973635
0.6242374669582447,0.7442773225039265,1.0,1.0,0.10472760242342144,1.0,-5.206544851125712
-0.024349692559545097,-0.7939490822350049,-0.25521898397320886,-0.9712985781496597,0.3764847466910878,-1.0,5.65913613152794
-0.7949057769763277,-0.5982840051191232,0.10412184578573251,-0.06920667065721486,1.0,0.6639654027718542,3.0851327068478804
-0.4560266909824202,0.23009162844687414,-0.9117848182755166,-0.17466349964903738,-1.0,-0.6174274366694683,-2.087778787859861
1.0,1.0,1.0,0.07561747783638828,1.0,1.0,-5.448597360315517
1.0,1.0,1.0,0.49090368072678714,0.14497246642399636,-0.2964627611638668,-1.8025981511014373
1.0,1.0,1.0,0.38777212687467877,-0.5532680037663779,-0.1188458249789821,0.49785627670313554
-0.20144518320811033,-1.0,-0.49499322924187417,-1.0,-1.0,-0.12959715634217694,4.567955732783662
-1.0,-0.9479131679504637,0.244149324742593,0.3862420494363151,1.0,0.4439048003053175,3.473008785030398
-0.6098870207317219,-0.34668552658386376,-1.0,0.3349288886631161,-0.005229699812077326,-1.0,4.264093358354398
-1.0,-1.0,-1.0,0.3854813276999258,1.0,0.2754744278338363,-4.120675676450236
0.6299840111803232,1.0,0.12338898281638411,1.0,-1.0,-0.8830869174351471,7.964638033338116
0.6706879648147794,0.36095892651636075,-0.8713785335773487,-0.824372646127754,0.39412535185383185,-0.4078018790234411,-2.3342608455171376
0.7239796149774618,0.04688592346076437,1.0,1.0,0.1306318147703286,0.34780103058246536,-3.144944382627388
-0.5766642098557806,-0.09265563835672597,0.35102568215828056,-0.584123912215455,0.580875478283807,0.5606685648530141,1.1443866516557246
1.0,0.30424774245036956,0.20694994767993657,0.43613036814795714,-1.0,-1.0,7.446022576746518
-1.0,-0.7706911286046835,-1.0,-0.3302143265673906,-1.0,-0.2292061504878582,-3.8524089359067606
-0.7533087047135294,-1.0,-1.0,-0.3193512127851479,0.07513721522811423,0.5893672527167406,-2.799822573959716
-1.0,1.0,0.9495267188078029,-0.7321518914374187,-0.28368319495947186,1.0,-4.425508078371197
-0.9353500258031963,-0.263982263917965,-1.0,-0.7047869417531158,-0.5577022407812346,-0.7806771278389948,0.7327239515964347
-0.5264777536306686,-0.6294014310587233,-0.3739355744467857,0.39956920010544,0.1611843334809988,1.0,2.970837099925109
0.12422717327167843,0.21679707413357274,1.0,0.8713828076279746,-0.17821900151492076,-0.390147762759385,0.4870193174057305
-0.294594707543967,-0.39472459039035823,-1.0,-0.9450880751049042,0.995976563671898,0.678476619075159,2.9290643785260575
0.12724287800986855,0.00027423598371384417,-0.4168202550233647,0.5957590467847698,1.0,1.0,5.294187150009306
-0.12556052810775764,-1.0,-1.0,-0.3021249576544842,-0.1131647126172492,-0.33094825482943685,-2.5025350997018077
-1.0,-1.0,-1.0,-1.0,0.3659210055868456,0.2786739760112954,-7.421622573719801
0.7112890469098244,-1.0,-0.20336395204488755,-0.6299852678592068,0.001429264488033155,1.0,1.0680048487255105
-1.0,-1.0,-0.3907115848247913,-0.44071355965360315,-0.9879307367780086,0.7579753676686283,-2.152582595356633
-0.1988551827833518,-1.0,-1.0,-1.0,1.0,0.7112297546383697,-3.94306440222035
-0.618584783548932,-0.9851238209246422,-1.0,-0.7439698293661249,0.17048955848069458,-1.0,3.278646423696775
0.9987909848200169,-0.7235590832912311,1.0,1.0,-0.806007987163297,-0.453275425339019,7.220701135840731
-0.4817328134316705,1.0,-0.24327478424652965,1.0,-1.0,-0.20438833197784523,1.5389149004484313
-1.0,-0.555237723187495,-1.0,-1.0,0.8423698197871207,0.919970733633327,2.145801246209261
1.0,-0.16430621761669406,0.6120370312831817,1.0,0.17511295383979553,-0.34791933678472475,-0.06434243610419874
0.4283062160332676,0.17448213652368327,1.0,0.12027032905623836,-0.039580505094248486,1.0,-2.113020975851546
0.23127620740990262,-0.27049788007653225,0.10731995535265271,0.3672159382476248,1.0,1.0,3.0797726796494573
-0.027635667424811494,-1.0,-0.4211775460483358,-0.5398967332134386,0.23402822711387816,0.5852916297857831,-2.057422891381136
0.6450368743859095,-0.8347510082219015,-0.8084104200734473,1.0,-0.4360693308461,-1.0,2.4521544991056796
0.5041864478643122,-0.33473142319026156,1.0,0.5247683541767483,-0.4538638594448751,-1.0,2.5816830200096637
0.22948050680757603,0.4737285686073699,0.6529614943049499,0.2723729322195023,0.9019597672421008,0.978935056421251,0.7733353098928142
1.0,-0.9815363644410624,-1.0,0.4887815942999476,-0.46934556056626486,-0.9390964240812055,2.7873656453505924
0.9322618453217031,0.6106758110113701,0.4545470016144675,-0.6758388727615978,1.0,0.6120435237244577,-0.048754185730518595
1.0,0.5780497137372897,1.0,1.0,0.009349266430237257,0.4645953790578202,-2.519719332751807
0.31157939892490516,1.0,0.7304398735339956,0.595445985208022,-0.5193878546623133,0.7625203535751814,-1.6082874914638845
-0.006054258574843319,-0.13979552286664843,-0.3619965343073537,-0.6626785271153125,-0.9326126945895267,-1.0,1.5094622056299238
1.0,0.32309730996771546,1.0,1.0,0.7756620326934378,-0.05689065645461722,-4.330031776517363
0.2768169865482361,0.4993517446612588,-0.1658077377043021,1.0,-0.4770593315295945,-1.0,4.335986464611355
0.5412784262905577,0.7102993782917512,0.46403601764321,-0.34244050508264523,0.3359260492376418,-0.6146617370597751,0.19234768014012812
1.0,0.36232931168728677,0.5932188345781653,0.08100136218595466,1.0,1.0,-2.234587040908396
-0.299375435510369,-0.33542000813540285,1.0,-0.4078024378898535,0.28376555525342445,-0.9457079250211287,3.6342716661755996
0.4741267843874768,1.0,1.0,0.3828165559310463,-1.0,-0.5035788972514395,-0.11183286456335628
0.9610354265685729,1.0,0.6883285768028989,1.0,-0.4540981360499412,-0.8955165774710134,6.484483607621002
1.0,0.8838115408102061,0.7238951100876214,1.0,0.5042976883501925,0.9405270894490625,-3.3901825632708595
0.08386870399255131,0.0022311837672243096,-0.02855777008252569,-0.8059782638455306,-0.46771552636496627,-0.7382687576964453,1.7129145216863602
1.0,0.02526147488919195,0.25708648968701575,1.0,-0.3751029455090339,-0.3010971112573715,2.180258179649668
0.11329250970252847,1.0,1.0,1.0,-0.03929219558057334,-0.2548273316766763,-2.8310927535600277
0.9360040838800936,1.0,0.8527854019641488,1.0,-0.07065573937502931,-0.781723891566958,2.0327002285767084
-0.3551109490137082,1.0,-0.6269691818814205,-0.4536556410459422,-1.0,0.8712549507843974,6.651812068742576
-1.0,-0.012477986671559638,-0.7879059330340004,-0.38276029326219674,0.34468147322024356,-1.0,5.791565532180751
-0.9340545310888958,0.057392765542361196,-0.4184033220439736,-0.23729253242232545,-0.15100268573148723,-1.0,3.917795472061949
0.7801867298894997,0.3475069228157464,-1.0,0.2583877878917615,0.8499845150773423,-0.7442330601173108,-2.569635172715401
-1.0,-1.0,-1.0,-1.0,1.0,0.05038092359847379,-7.837201728770556
0.960739600237007,1.0,-0.11138270134494249,0.13831768367261926,-0.01583641020356974,1.0,3.0248428852047926
-0.5241620248875006,0.6801890904842307,0.14811007921856512,0.014335459753305718,0.7153697429441912,1.0,5.971814779077321
0.16005465611556213,1.0,-0.28511463700408923,-0.3739687918628538,-0.20803238698944612,0.11129462253051915,0.7994572965475022
-1.0,0.1943718013602115,-0.6107058054352583,1.0,1.0,0.24265190850510346,2.8406397108863657
0.8438387815196644,0.5773800645906599,0.9441786088401614,1.0,-0.23206204780909945,0.8613365969574702,-0.9422180644017244
0.8574158391507347,1.0,0.8669120762902542,0.1269365929702626,0.5589303690936379,0.2051571433927808,-2.9176530964288654
-0.7407058504793225,-0.5137666968303216,0.6012329905291778,0.4466177118869177,-0.8835276476370024,-0.17739256647253587,-1.0620844214230658
0.9405464455564561,-1.0,-0.9132682993833792,-0.9263901095427398,-0.675552040814527,0.6672431843432881,4.188672920372622
0.4107383667318047,0.11388077839432209,-0.862467657527147,-1.0,0.26704515340932716,-1.0,0.6552901311002656
-0.7869643946369215,-1.0,0.1843384168529828,0.14690761633828808,-0.28434420425400475,-1.0,4.362563607016413
0.8135646022880036,0.020326004321373436,1.0,-0.4133195404193544,-0.4115896105613519,0.2618219327928708,0.3023516825727733
-0.4620986535787176,-1.0,0.532787607948545,-0.04061379675479071,1.0,0.43474569101241306,1.546895667445792
1.0,0.3701846446434406,0.5195627028189851,0.09240860906012882,0.02982079866397458,1.0,1.2494859159700127
0.17371207856768836,0.6576277010893512,1.0,0.6510579703866949,-0.40770698695900665,-0.3275570191682492,0.7990223344924763
-0.4593354821663293,0.30024492039749884,0.8404367099197662,0.5327007380374578,-0.5863307863304827,-0.14159459717887124,-0.45943134682801323
-1.0,-0.8270492460277101,0.6988264843392905,-0.5177456337717004,-0.20633696778706656,-1.0,5.8480254253343045
0.3463362034673261,1.0,1.0,1.0,0.3056240992403398,-0.4227064231869978,-3.204331951556534
0.9273499302516619,1.0,1.0,0.502638175162258,0.5160724975662172,1.0,-6.28334946807118
1.0,1.0,0.09254660513661961,1.0,0.42972258430661014,0.6374043274903765,-0.9411289586207306
-0.6400177592536196,-0.25336600646183904,-1.0,0.6571986725816592,0.9488261894824771,1.0,9.22258857480939
-0.5648159529008119,-1.0,-1.0,-1.0,1.0,0.31463450369570733,-5.300045771842005
-1.0,0.0955483160367313,-0.5745041430927113,-0.3436076279536059,-0.5823060025181389,-1.0,2.4833787029935763
-0.8138493305193866,-0.4985093850320847,0.21919777373593946,-1.0,-1.0,-1.0,2.742578221114992
-0.05101696188327598,0.002712897756491861,1.0,0.5133174870805264,-1.0,-0.4459493506139003,-1.1154495288706148
-0.7450996145789774,0.3805649850660775,-0.3053385246902326,0.7131674631137477,-0.3904904036242762,-1.0,1.1752122114794568
-1.0,-1.0,0.07949516489795093,-1.0,0.762406562770579,0.34274640437570114,0.5377326254961303
-0.317577606048038,-0.7688102251107055,-1.0,-1.0,-0.2140998562425564,0.985016162734816,2.2858460284994426
-0.5067009036872159,-1.0,-1.0,-1.0,1.0,0.5068402529215744,-5.018756056752497
-1.0,-0.8201230609205168,0.6196611398559511,-1.0,-0.44216625531017917,0.11997188605580736,-1.6471536413394645
-0.022974183982610974,0.017558065649974128,0.42997116361581394,-1.0,-1.0,-1.0,3.586346194721087
0.19097668171061488,0.581024578689144,0.8816974920708274,-1.0,-0.174370561383133,-1.0,0.47856482629527597
-1.0,-1.0,-0.3532211340133822,-0.6262853461063713,-0.19252734722602405,-1.0,4.315992403525362
0.06198349331947006,0.07927258881973409,1.0,1.0,0.3137089071876804,-1.0,0.739154393156612
-1.0,-1.0,-1.0,0.040030675190503406,-1.0,-1.0,-1.0409453625108638
-0.709208340272266,0.6835402044704142,-0.5480325451435688,-0.7108187451663919,-1.0,-0.65396991682746,-1.0302457223281827
-1.0,-0.4248902582292131,-1.0,-0.8260489098993355,-0.8705982932402964,-1.0,4.1458932182150745
-1.0,-0.09611737494307904,0.2209444755252098,1.0,0.5285055409336087,0.6631335839084515,1.019012188625601
0.9020663613712523,-0.9387731873075293,1.0,0.5187143002671414,0.61786967370513,1.0,-2.508376338150534
1.0,1.0,0.2691491389471028,1.0,-1.0,-0.25573311239308527,5.7358308072865345
0.09017243078835757,-0.014608454248044245,1.0,0.41628302432794745,-0.21610138539842016,-1.0,2.1308074232172016
-1.0,-0.7780985664444315,-0.28441309703540585,-0.4249399301960881,1.0,1.0,3.7698893574887964
-1.0,-1.0,-0.701141737565393,-1.0,-0.6169239617521985,-1.0,3.495510218559997
1.0,0.9523501214110581,1.0,0.6266616954430645,-0.5969230807393718,-0.570457729283847,2.04911438482596
-1.0,-0.6701368075162962,-1.0,-1.0,-1.0,-0.2932213953762399,0.07295258001819316
1.0,0.4374257382521358,1.0,0.01131221593019971,-0.5051009036239853,-0.2845891780090857,2.956218561405716
0.7407244897417032,1.0,-0.6577324786606578,-0.8155116301143643,0.7167541345412879,1.0,8.043837338302312
1.0,1.0,1.0,1.0,-1.0,0.20363263511556673,3.0173857810102813
-0.22867069087889302,0.22515760024269504,-0.6106440887944031,0.01973090036590463,0.29962728638129504,-1.0,3.0669307534283687
0.18277518637336265,-0.4716464922780872,0.5801895448972473,-0.7127742257634704,1.0,0.25119938014632903,-0.7785576925975909
-1.0,0.34345478424409664,-0.6707472407399057,-1.0,-1.0,-1.0,-1.6387943510720189
1.0,1.0,0.6697849745619502,1.0,0.4952928180289706,1.0,-4.594697329660008
1.0,1.0,-0.2367416667662744,1.0,-1.0,-0.6765293265784694,8.204189721742322
0.6063205517419519,-0.9883128068927273,0.5101315524678347,0.7752571959139748,-0.5090730592639023,-1.0,7.636658617516646
-0.6156499818745845,0.5372753093044152,0.4780064300985565,-0.727375513633943,1.0,0.9286011245537237,4.9024092698856805
-0.24376837600249235,1.0,1.0,1.0,-1.0,-0.10990523830819146,-1.8813161959799682
-0.25212987321037206,-1.0,-1.0,-1.0,0.07029409036523904,0.866384004131922,-1.7265633650529082
0.632077426971897,0.005118119764135121,-1.0,-0.5527242825289813,-0.37729637288075113,1.0,6.277175367414866
-1.0,-0.8403489280340135,0.06870820613292239,-1.0,0.930399207090898,0.7882455287035282,1.81348752297522
-0.3062912150729603,-0.6665113815984453,-1.0,-0.278773184999221,0.8363288371149482,1.0,4.735080542807335
0.07522986420760916,0.9629352019685408,0.9740596530993831,0.19508507444633816,0.5366231201545093,0.5831086547915173,-2.401977928507189
-0.8425569073438878,0.4293836435321494,-0.6054255849800132,0.4756449872331904,0.2390706073994729,-0.29843509954352443,1.3623047807529396
-1.0,0.649581505075528,-0.0020964979472878342,-0.7755081040012328,-0.9586270203544991,-0.16086694469483137,-0.49214236340984274
-0.657677412723582,-0.1428550645604671,-0.372818892175907,-0.4484498172290856,-1.0,-0.6692895962234955,-1.4510160056918773
0.08308302070038676,-0.8712463549057725,-0.5535255574139143,0.16805902848653986,0.17841742878593836,0.35303644372139487,-0.7007705256073782
0.31477825472649246,0.9519153946712988,-0.9481046620833591,-1.0,0.45123423573588256,-0.14232725457045914,-0.0735437632152579
0.1733898100731508,0.03881418060017894,0.8272513027112615,0.6500515216042849,0.03497143934807473,-0.8628484954111224,1.278457099515369
1.0,-0.0819751428370763,-1.0,0.18918978691038468,-0.7676616726283017,-1.0,5.056343876297749
-0.9031099025459883,-0.9459466351398556,1.0,0.2769129687291309,-0.6551602081477267,0.17463782961897356,-0.6087125764107676
-1.0,-1.0,0.04176486235355263,-1.0,-0.6002183630579438,0.33274092217745777,-2.174746385072442
-1.0,-0.04043406908844105,-1.0,-1.0,1.0,0.9660768473083852,7.23611933064975
-0.844623022551761,-0.6994705384750888,-0.9371350964232414,-1.0,0.6101903813008518,0.11720985670730832,-3.2953261029039593
0.5723363344350518,0.148208417989789,-0.7280598569755112,-0.571517430777055,0.7040118282369714,-1.0,0.6252036066746487
0.8941830593273872,-0.30187097708391925,-0.019962677347502344,-0.29172240991513954,-0.1825590798354919,-1.0,5.345579448844717
1.0,0.8170319117437139,1.0,1.0,0.010194144690832373,-0.4308645577919529,0.31884377810564457
0.4203255114361961,0.12028261411363173,0.0013239898777037684,0.48919862112093804,-1.0,-0.907261351440217,3.90903882040685
1.0,0.17895155392857032,0.9370255300752564,1.0,-1.0,-0.9099839689040257,8.502387902448648
1.0,-0.8279608519696235,1.0,0.6596260222349066,0.8979993127512129,1.0,-5.396261924930662
-0.4422021989169642,0.525946109457077,-0.2837392465195062,-0.6454738064729513,1.0,-0.0365266910432148,3.823861928600728
1.0,0.9907477664803861,-0.2205205924160043,1.0,-0.28991866350625695,0.3608370336411636,2.3547038387783945
0.3692968778714506,0.4065243318479891,-0.920456730515308,1.0,-0.015214004782270085,1.0,3.724565592196636
-0.5452525302001721,-1.0,-1.0,-0.6056846037795411,-0.3355271048840045,-1.0,3.1662999340200617
-0.4323235086135282,0.7633284009699974,-0.20277859402838555,0.0762465682210397,-1.0,0.05627608439433551,-1.3128285572803353
1.0,1.0,0.6682828186814769,0.08167066325798683,0.7288696689391777,0.2643861694933992,-3.226705320452944
1.0,-0.0842727472858375,-0.7699129019025084,0.4952308115736561,-0.5557003511886516,-0.28398123940851294,1.8266544948104415
0.8773887923408608,0.35327082976148505,1.0,0.9539797534483041,0.5265853092297393,0.1882352691978169,-4.21969785116353
0.4520179626176428,-1.0,-0.7046150169979346,-0.8187615013631145,0.3535290013384804,1.0,-1.6309486916164688
-0.1304862757958501,0.1599123379355173,1.0,-0.005275397058046194,0.5013277799794127,1.0,-0.026188898758029544
-1.0,-0.5556090829521902,-0.5086979500998192,0.17086322231350737,0.23109195605034283,-1.0,4.0510408506091
0.549336588044391,0.40081975059060015,0.4609628523171124,-0.06979934909673513,0.37654561667465225,-1.0,3.3989031181357063
-0.3138851858489636,-0.5166246791117157,0.7724719882389297,0.36511098010386384,-0.3806067194267854,-1.0,4.077605330497912
1.0,0.5675949865348189,0.7487476701256497,0.3257184468268193,-0.4916079066126702,-0.8726749188722323,5.447660971133955
0.7335292287961632,1.0,-0.6122816937345438,0.22511634964223404,-0.7371487960367493,-1.0,4.185532757119811
0.40767147970581635,1.0,1.0,1.0,-0.4512817571975747,-0.7125471389787532,0.7138188342991957
1.0,1.0,0.07633174559797637,0.942729374952679,-0.15840332622761555,-1.0,7.318508574328574
-0.31345521680243826,-0.9147647379148405,-0.344458795832177,-0.5534024806997215,0.21702732482154902,1.0,1.4307645439494536
0.21328366755550787,1.0,1.0,1.0,0.11666993504233086,-1.0,-0.7302957955406169
0.6138391903178676,-0.3411831449257507,0.5839128286965283,0.5792605247290166,-0.6856420244042589,0.7292297057638839,0.9795850802936016
-0.6648110651374769,1.0,-0.49573028900443117,-0.40818827002687547,-1.0,-1.0,-1.0270749977124523
0.2151892008693186,1.0,-0.5688893030534901,-0.38503217180367055,0.4994729177467355,0.39197484801632354,3.092780232148454
1.0,1.0,0.47138364269148125,1.0,0.782936341279983,0.4081247819239386,-4.643050610668095
-0.4205399181047789,0.5830830078214428,-0.9401536032884873,0.06493660243073279,0.44753875785736197,1.0,8.784159380474593
-0.1877860586396023,-0.6477234856442253,-0.17272419217850565,0.9597653007094036,0.6103951708455119,1.0,4.0279419542814
-1.0,0.9968759245825771,-1.0,-0.02087296848226794,-1.0,-0.8455414179667955,2.577989178813936
-1.0,0.6094494460250709,-1.0,0.7169905981391314,0.7903534486260976,-0.6986616097907803,2.7358175534982436
-0.22131058517615215,0.01684175756570344,-0.4944838122242013,-0.2901961160448768,-1.0,-0.8219232308151594,-1.0420240054083802
0.1700151922902855,0.9018617325466962,1.0,0.0847628215847569,1.0,1.0,-0.7607554265844495
1.0,1.0,0.2338997434305765,0.642612560129698,-0.6911470849986652,0.33930734405709784,2.535812779162713
1.0,1.0,0.6136608616178207,1.0,-0.3935622688002194,0.19517939114661864,1.2419118027616527
-0.5437663670282569,-1.0,-0.04010182044101442,-0.7253425840056603,-1.0,-0.6642892491117668,4.1731431596829225
-0.1186012607115382,0.05142811962761115,-1.0,0.6662587426561197,0.4692101363558685,-0.6204413821127486,-0.13584845095869777
-0.17120953742597167,-0.5744204222418754,-0.6278359468377582,-0.46907216686224373,-1.0,-1.0,1.9349678329443385
0.07535355513730835,0.9400270668480766,0.3103868026137482,0.2902451889711768,0.4837217936111937,-0.002287432958496205,-0.23602302782447604
-0.5962261806023149,-0.39024470838070435,-1.0,-0.5341161449069138,-0.13473941738519613,0.641466303051903,1.2848532593472068
0.23172560547904741,-0.1511554985615483,1.0,-0.3404553067759833,1.0,0.8521848759948711,-3.292465661477408
0.07616679882435928,-0.22604785465954902,0.7031415543051858,-0.36548468045797733,-0.37374568233414085,1.0,0.764968787825056
0.06965073813283329,-1.0,-1.0,0.1705251333560004,0.07976972403956262,0.3413594276602757,-1.4286811668429578
-0.8843594875177225,-1.0,-1.0,-0.2236893228968566,-0.684245539077471,0.5130155366338012,-3.7177176246315295
0.0512688162333903,-1.0,-0.16352361401132712,-1.0,-0.3822426257183984,-1.0,6.585753990226455
-1.0,-0.621373119852932,0.7460918403527403,0.7401242268523989,-0.4879546749005377,-1.0,1.0201509807554356
-0.7574508566796274,-1.0,-0.5115437461094612,-1.0,0.08945030412218791,-0.3200589986600189,-1.563064275685154
-0.3238973684031492,-1.0,-0.338754273231342,-1.0,1.0,1.0,0.5968828141727178
-1.0,-0.9507357705657746,-1.0,-0.24632066459390978,-0.8262364039239566,-0.3007912669472076,-4.282334147742219
-1.0,0.45864840964053283,-1.0,-1.0,0.10075933710154217,-1.0,4.4528860041670875
0.5613186047326,0.6738068319877837,1.0,1.0,1.0,0.046033706060744084,-5.565495940757926
1.0,-0.2657791502523361,0.7838450805782232,1.0,0.1441925593289708,0.3617641620738603,-2.60710307513377
-0.0826192059084419,-0.3053649352572364,0.47081645387029925,1.0,-0.39731458531796116,-0.3536140831353807,0.5424761119325323
-1.0,0.283328852638854,-0.16119910875511478,-0.0015408201477049577,-0.49740312075140825,1.0,0.9628110874923339
-0.8561910509030118,-1.0,-0.8763098856927392,-0.6413380759669376,0.6432372238553425,1.0,0.8922532508767075
1.0,0.32544874895270826,0.8223230004949484,1.0,1.0,0.6743523937046956,-5.0239462697228054
0.08384759115458414,0.5681939763218742,0.5944910049752095,0.4362168127891797,-0.4850755225183306,0.1191812810284355,-0.27319202358259526
0.825537740609221,1.0,-0.5743185763259369,1.0,-1.0,0.12449328762051903,6.944260866052732
1.0,0.3101712974265918,-0.30773326525550304,-0.18465983969412203,-0.6466985723231311,0.5391981200864089,3.0446673683926497
-0.15053719094347764,0.9692083152940085,-0.06927703020592109,1.0,0.5306798991983583,0.33552170320906366,0.2957995078981973
-0.5552512999797475,1.0,-0.5933312243943416,0.38862222530728213,-1.0,-0.81269397166884,0.7846396263171757
0.3393416267601183,0.46638939379028765,0.8135343688131653,0.1675154375776564,-0.4867393609247439,-1.0,2.291235075630712
0.040902204481487514,0.23427886953179156,-0.3436226438986978,0.8017817187134952,0.015312408910866271,0.42570648005959383,0.9459967048942134
-0.7448048869877393,-1.0,-0.23134728935854798,0.11980696872248366,1.0,0.4288230956053759,0.8051238358890058
-0.7076979852876839,-0.09786216041451981,0.536843141119171,0.22923543566941496,1.0,-1.0,3.5582471381106697
-0.8824541116568647,-1.0,-0.20493266883510586,1.0,0.5927196769196198,-0.018292271899726292,-0.7713766823143684
1.0,0.36305226717997474,1.0,0.27568395298324866,0.8092718130716726,0.9931746708639942,-3.9497865930309217
1.0,0.48796484144924857,-0.3234304795035041,1.0,0.141507485955934,-0.08668718435198997,-0.7635532489328737
0.28482681390246223,0.15690679644460803,-0.13202089351965215,-0.12788777727395384,1.0,0.21977880081867318,-0.2586367475770597
-0.5067141154720664,0.9345404531460071,-1.0,-0.39830005862912327,-0.05013525336433883,1.0,12.719518480644526
-0.17207028976265823,-0.7262213836116085,0.3335169656819006,1.0,0.24132996025689502,1.0,2.4831380182678227
-0.659264031105531,-1.0,-1.0,-0.5642714175660524,-0.0015123361172717509,1.0,1.1092122739420103
0.7303303089625948,0.8253943321568125,1.0,1.0,0.899396446929616,-1.0,-4.394279039358251
0.778230386922117,-0.04723940087428585,0.3395292849375421,-0.30710917388386544,0.9885157193815499,-0.404241035753829,-1.2160067491207585
1.0,-0.33426350814191363,0.9725163208030518,-0.010135503574370153,0.7179076229444896,-0.3969642502323141,-1.0433952574204093
-0.30087477360985215,0.17384011689173534,-1.0,0.22287353420079736,0.8965120942887721,1.0,9.567270843351505
0.7222879003761358,0.6070137285567816,0.41617880487081615,0.8220642747369384,-1.0,-0.12665962663642172,3.066788113863779
-1.0,0.09340946751233487,-0.34228146440189366,-0.9043728769879528,-0.7807768258608603,-1.0,-0.529617645528953
0.7889606446428783,1.0,1.0,1.0,-0.36176870427894037,-0.25267020428865217,-0.44220532965294423
1.0,-0.1480710374802805,0.6167523941678046,-0.05415163001068668,0.8829999265162691,0.1987572735649874,-3.3144587774240475
1.0,-0.6304123756937137,-0.8801217912649562,0.3721999939783339,-0.021342902285487353,0.620049885555334,0.7797871593726988
-1.0,-0.05715623465403996,1.0,-0.6334247908501709,-0.78531585691252,-0.6718412412253217,-1.1452859701289109
1.0,0.20023922131372252,0.03267614338972735,1.0,1.0,0.3530475587087527,-1.745019198075038
-1.0,-0.47746914557568015,-0.6485442091228182,-1.0,0.4441546109456635,-0.4934121612135518,1.441035586097886
0.7835275335474879,1.0,0.4118142543103178,0.10783051843486749,-0.7501763701370983,-0.917711772124757,3.0237529787836515
0.7150034441368536,1.0,0.38429720161941194,0.13165069934830653,-0.5994414332670148,-0.04718451543529478,-0.03565934312009267
1.0,1.0,1.0,1.0,1.0,0.23323161183043983,-9.69291539634865
-0.08909257043780244,0.3896865565391968,-0.8635542783381289,-0.23718640059908092,0.11958019427719901,-0.5270792590768126,0.012273477296553759
1.0,-1.0,0.2214290998049837,0.2400505446529529,-0.3075795050681921,0.8831717520781757,1.917275500879125
-0.8191151194893216,0.6978822929168949,0.5656667436827814,0.4805686183025212,-0.7579541326123675,0.2171833461996907,-2.0540304923999395
0.4180347552861805,0.2005045611807139,0.09653926676166058,0.7553835568108535,0.8472190950851295,0.9412124083162304,3.015155620072029
0.2116693859141513,-1.0,0.22342443101374554,-0.5979050032200431,0.77122757209623,-0.6985882242741848,3.3039886401727454
0.7240319150975458,0.9211087226370916,0.2306121221351133,0.635977680975602,-0.8285132213121963,-1.0,5.713231410054199
0.30509822012873977,-1.0,-0.7326732759092386,0.36320357309259815,1.0,1.0,2.0693418585471592
1.0,-1.0,-0.22646049556250625,1.0,0.014538997324981207,0.3807833727296633,2.196493784087456
-1.0,-1.0,-1.0,-1.0,-0.10319001291938334,-0.6683728375090331,-2.5862134237986214
-0.025625890595125933,-0.6978612597191007,0.5923614658592626,-0.7950064187829988,-0.5846687078908445,-1.0,6.303251817992034
1.0,0.5811874069302709,0.7360014327502781,0.4844867618167667,1.0,0.2673460444797686,-3.661623236520837
-1.0,-1.0,-0.4758573686073808,-0.7645204177389335,0.7737904625097605,0.2905966797066188,-1.4437627406389106
-1.0,-0.826538229592219,0.41631964236612057,-0.31191895165893013,-0.491928123186768,0.19378214346691397,-0.29992863903488454
-0.581506088502353,0.2665301714879108,1.0,-0.26716925005130054,-0.6880084229797654,-0.06432287387122526,-0.9101651370633033
-0.4030213610428529,-0.04769818136256773,-0.8247677845950786,-1.0,-1.0,-0.20899870371986262,-0.18924534361465112
1.0,-1.0,0.7199214584778578,0.8409140883987063,0.01066017225433924,-0.09138958720516316,2.655258961203483
-0.418874737650364,-0.6855321985945486,0.18688868872409636,-0.23744256862326943,-1.0,1.0,1.0131410384037252
-0.5951126703688336,-0.8626341474373446,-0.8114817162373287,0.5015003291644893,1.0,1.0,5.843919474528441
1.0,-0.993473487229742,0.4378866180584224,0.586541257067009,-0.8918801266758352,-1.0,12.277866933542397
-0.27569815789456925,0.12480664196145463,0.4502902809529733,-0.4608975455528078,-1.0,-0.38001733460009146,-0.7859867085387036
0.6679952945640697,0.026330196655876215,1.0,0.5046237289605928,0.774967619043296,0.5059306849533426,-3.330773990498378
-0.19239744270648196,-1.0,-0.48210432430719885,-1.0,-0.6019603535554442,-0.3710962830857885,1.4197995752002965
0.7908745051280213,-0.29213746292523135,0.26828218600769227,-0.09729378601863609,0.11865024484279263,1.0,1.668989130738345
-0.7311091609478104,0.28014201635974273,0.5251146694997039,0.9311989617065128,0.07686840642141513,0.6962259170882449,-0.8147292773305244
0.3833188624111259,1.0,0.29134120232621497,0.9746489998287066,0.44063272667265724,0.4635866589210511,-0.47121050326322655
0.5275975602887902,1.0,0.022669563944198057,0.14603895315624832,1.0,1.0,3.3669129222015206
-1.0,-0.7755895948113019,-1.0,-0.08555155132931613,0.3523746486190137,0.8417464755864468,2.2755669750927976
-1.0,0.022112485034406867,0.14831701536555297,-0.36534461014558917,-0.02896386443255468,-0.5093923499826605,1.211160969168926
-0.8677819028221885,-0.3819501630031523,-1.0,-1.0,0.854969352375047,-0.6617248068520969,2.3493648193436223
1.0,1.0,1.0,0.8994272144522804,-0.20802972144424084,0.38604379100848085,-1.3003353788457424
1.0,0.7190178690431341,0.5707435623606024,0.9560622509428447,-0.7912208132942747,-0.2627906465546461,3.592380715886846
0.8160353490431711,0.7717114553099319,0.21506233794431567,0.1802791082480308,-0.3917949281719063,-0.49586668994398614,1.9025777247063025
-1.0,-0.3082766654520135,-1.0,-0.2549325101981576,0.05841450280031174,-0.764974171310419,2.152771922951389
0.40362610590116876,0.8728086764297959,0.45521942132619625,0.40286344009524166,1.0,0.3092636799217805,-1.0575415032463464
-1.0,-0.892175967090236,-0.4600188471730047,-1.0,0.26247241840457486,0.6174666443832135,-2.7964145955120343
-0.4311782555275694,-0.2876220328404658,0.20692584600870956,-0.08475843576852166,-0.6193742857716678,-0.7031063596036766,0.6576462607003057
-1.0,-0.06835962511662208,-0.46786838997351393,-0.08336078457092311,1.0,0.11125809672825204,1.719848945674442
0.33918382031209254,1.0,0.5258107942893704,0.4138172211487873,-0.29759442219962656,1.0,0.4800240216961774
-1.0,-0.14986541823853328,0.31672036923210034,-1.0,-0.6870275829614856,1.0,-1.28114643509284
0.36651576094735044,1.0,0.779227392467912,0.170541992600464,0.5578926956189129,-0.030684071585096784,-2.2924818658730186
0.11817000505669147,0.14449068619995953,-0.721296897147546,-0.35565406035828406,-0.054563754883997506,0.17131073212321024,-0.3926212332683653
-0.9745389159065164,-0.6802578985354459,-1.0,0.18545392333024768,-1.0,-0.09985977969413012,-4.922597019489268
0.6604278424260996,0.5300655704950099,1.0,1.0,-0.006314835088696236,-1.0,1.969155269635123
0.16266767890456346,-0.8412340284739714,1.0,0.36879627182947317,0.9002370218042827,-1.0,1.7193935538620737
0.8189132163795168,0.05866037668253532,1.0,1.0,1.0,0.4312531614199133,-5.736573795886245
0.3898130796628999,-1.0,-0.0011050610144366924,0.4361967458073721,-0.7867692336232518,-0.28403783800903015,1.5384634763510565
-0.02517296785351497,1.0,1.0,0.28035987423410447,-1.0,-1.0,-1.4703443723828946
0.7340653374655851,0.483002882188694,-0.5797438404880374,-0.09065990925749351,0.5539015167702546,0.44933324553120796,-0.07810327979311939
-0.1374880445766418,-1.0,0.9177901568490944,-0.8879816999222631,-0.32421079745000175,1.0,-0.713335331260379
0.11998238652218096,0.4123361702584807,1.0,1.0,0.8381881265034239,1.0,-2.227089582562722
-0.5565319851401513,-1.0,-1.0,-0.3164220123892163,-0.4045618210331411,0.04670603408126814,-3.3000421671227937
-1.0,-0.9157794264239572,1.0,-0.40274483254883964,-0.6769354740712403,1.0,-5.222117611705539
-0.2597755752087596,-0.3665592532014863,-0.7887794753363294,-0.0033623082509889324,-0.027403775118232554,-1.0,3.1087839685025362
0.7726631458691022,0.07769908157027194,0.8800893604650472,0.4202396914147313,1.0,-0.09187025725811665,-2.7830888766581237
-0.5982800053913222,-0.6484477293676653,1.0,-0.7207642227468154,0.4528063743835287,0.6215497055178408,-3.0924376604535615
-0.20609232650571663,0.2957622814670954,0.43559333198033123,0.5108201999070541,-0.4162634523711109,-0.48902887327287153,-0.6275939609499557
0.9168264122782238,-1.0,0.060121487156400755,-0.427694154897923,1.0,1.0,-0.9671454687981544
-0.5048307376241592,-1.0,-0.7937078590510067,0.9388376711004733,0.47632871850019093,1.0,3.8105693394713747
-0.6454980273444983,-0.498839015263581,-0.38203551121906565,1.0,-1.0,-0.383549334128922,-1.014007884233358
-0.24321257319860498,0.8089719812311191,-0.4236772083069977,-0.20162651242090748,0.043216102327582995,-0.5478010024271545,0.06891540800688767
-1.0,-0.9210949140296423,-1.0,-1.0,0.19233280745451953,-0.018065961199856484,-6.952409106569002
0.31559692717621435,-0.472125100828558,-0.970443949164781,-0.031652421344007364,1.0,-0.5580270238882413,-2.2620912818814727
0.36045302727649614,0.4642754571807196,0.2728513316738804,-1.0,1.0,-0.7834060142408967,1.1112989120888286
0.24216188429760338,0.6900941238794625,0.7765042105138225,-1.0,-1.0,0.8774868246020263,4.609377895725832
0.19558230617322675,0.027441125873545136,0.21909359513190024,0.6667020817866284,0.34017027550438417,-0.33791504248308496,0.7122129314443395
-1.0,-1.0,-1.0,-1.0,-0.3724258671958932,-0.33174919916618184,-4.995899959373885
0.8779627254939292,-0.4876428417112763,0.3956772481348328,0.1264261744198807,0.9447843363258193,0.4906285973920379,-1.9805577041220928
1.0,0.62996998167128,1.0,1.0,0.1665206939086804,-0.01772624813852708,-2.0066516294735752
-1.0,-1.0,-0.30638493815904205,0.1370802227582293,-0.372190894626671,-0.2688497364098483,-1.616819495853543
-0.015464760784258652,0.14754301900636907,-0.5187675903732745,-0.006228856946009581,-0.2930741392560714,-0.5150117602633719,-1.0764220026442934
-0.8646023623156848,-1.0,0.10694131449123723,-0.16697304524538548,-0.8846619702099443,-0.4582808185888856,-0.38362495370779925
-0.9156876406066226,-0.9819672189060276,-0.32733841562734256,-0.02594221513843098,-0.44418472940964593,0.6863133409940267,-1.4253710050994208
-0.14123359214751918,0.9652057103818595,-0.11891573093348423,-0.34024997576070276,0.38161261495680177,0.9404052341819485,4.536690325700914
1.0,1.0,0.11313236578937713,1.0,0.8972691984954633,0.9914439991785644,-0.5415537683275704
0.8571260334019652,-0.7090668792743995,0.6855856328736953,0.7936963304988449,1.0,0.11963728939947327,-2.543737913528168
-0.3149527644154757,0.019228951816674833,-0.9448692926276774,-0.06734489604857767,0.14669427334797994,-0.2898338626339798,-0.6428267922427948
-1.0,-1.0,-0.24694934850796602,-0.7927052866912225,1.0,1.0,2.844472817334547
1.0,0.13776283037784975,1.0,1.0,1.0,1.0,-5.549426865245536
-0.5518554806978068,-0.6791006438071459,-0.3481341157146247,-0.598244939396738,1.0,0.5101268878023333,0.6849661259153131
0.3797960734991324,0.5927634333152163,-1.0,-1.0,1.0,0.41340634135529863,1.4980384541907101
1.0,1.0,-0.9719652093835894,1.0,-0.46052725537550643,0.560268291241143,6.7348981884455785
0.010604882807821125,0.1816892359642548,0.5988516911809694,1.0,-1.0,-0.5396262876617257,0.5921610686975707
-0.29462116565613816,-1.0,-1.0,-0.4763807627903396,-0.3661693733693243,1.0,2.3153396297970814
-1.0,-1.0,-1.0,-1.0,-0.3713796676650422,1.0,0.22926120408196038
0.29747177388459045,0.844725810711597,1.0,-0.2942708703852208,-0.8950931768426363,-0.8442467650390354,-0.6732624972783623
1.0,0.5975343202480503,1.0,1.0,0.010324098324995118,0.6572840372436349,-2.5765379702441904
0.3067445900790877,-1.0,-1.0,-0.8572516567129461,1.0,0.4597830846441613,-5.492938486046824
0.12456886531246858,1.0,0.542253027938419,0.7916552428011941,1.0,0.7914703839585202,-1.2379420140814446
1.0,1.0,-0.04794705763721324,-0.3338517151155275,1.0,0.3857677498626968,-0.6069861047222875
-0.01009852834468522,-1.0,-0.3309716913839625,-0.6528016025624199,1.0,-0.8212133372612251,3.0894587042292976
-1.0,-1.0,-0.1533244555819051,-1.0,0.21414045612348986,0.04006703281117874,-2.067302620293963
0.08501624517901668,0.4954751013933795,1.0,0.15479959547178399,-1.0,0.22253720333496735,-0.45579728341904857
1.0,0.9244192607076516,0.5748410620853306,0.13181468060066615,0.09870519066103098,0.9143890086034312,-0.9839820606091264
0.3459453659529548,1.0,0.7064928353305107,1.0,-1.0,0.023607872535020502,1.3730952928118068
0.9897706475442931,0.9563106793628482,0.7799528763939874,0.7295596496217953,0.5430403110866953,0.7007010439116519,-4.597374383141861
1.0,0.6644311286302149,1.0,0.7167497511019442,0.35581605799515537,0.769748704013993,-5.136422906003246
-0.8495910499048774,-0.46029522207076085,0.23777346143138767,1.0,0.21901788352040552,0.9829781732166414,1.6397033844001117
-1.0,1.0,1.0,-0.9191016971415419,1.0,1.0,-1.2231723731247626
0.9450432478994581,-0.6988842603703521,0.20889265885776864,1.0,0.23081465996690273,1.0,4.284715379543321
0.14486887371932178,0.39873257082846036,0.7002427721605065,0.6825510075422381,0.7285418366103112,-0.07580520778571842,-1.733328788353961
-1.0,-0.37978557962717485,-1.0,-1.0,-0.3124980450714805,0.1292635382920666,-2.2706035805405698
0.014155150579916453,-0.6430373886463937,-0.7133138754512589,-0.0011844867096213463,1.0,1.0,4.342963119690583
0.051401735945705296,0.060873779850167314,1.0,0.9076805601878233,1.0,0.28911090353987723,-2.528714660773828
0.2679545431946668,-1.0,-0.49921040608794826,-1.0,0.07564842286306572,0.5709714958691536,-1.519356541841346
1.0,1.0,1.0,1.0,-0.45639148864579177,-0.501846134006878,2.4783776558472805
0.8603774643478661,1.0,1.0,1.0,-0.13107672976298923,0.5401664633213978,-3.352934696301866
0.6413874631888588,0.5785240245852459,1.0,0.2794499872864671,-0.65783383028558,-0.9650295882124915,3.019711865915663
-1.0,-1.0,-0.7861065999667148,1.0,0.19255160829777712,-0.12510495667889548,-4.743723560681698
0.06686366750891248,-1.0,-1.0,-1.0,-0.3913958895234838,-1.0,3.398507449021053
-0.5328054687555219,0.3346148909671807,-0.22081241489142878,-0.9580115776197224,-1.0,-1.0,-0.3016082846852356
1.0,0.6123626964353934,1.0,0.8349828018039667,-0.47085290767707266,-1.0,5.541203510256945
-0.43173224625907625,0.25010360187259517,-0.5476206734733906,-0.6655672597191462,-0.5407887070788976,-1.0,0.5842049507857097
-1.0,-0.5700126835497259,-0.034387916734568647,-0.641123285461986,1.0,0.9721982567187697,4.040641286476703
-1.0,-1.0,-0.294459865129282,-1.0,-1.0,-1.0,5.539834217372218
-0.7284355908439369,-0.07245884470154484,0.8594190891131035,-0.4944514960282991,1.0,0.03992395762509482,-0.09105830378769608
-1.0,-0.49125192239357907,-1.0,-0.31824314640225904,-0.19287046719590978,0.12801815915973075,-2.7991668742302362
0.0070513052971203916,0.9702220990264252,1.0,0.9318846342819409,0.19931480118051903,-0.885339191806615,-0.7001615309258118
-1.0,-1.0,-1.0,-1.0,-0.608124123471883,-0.810638951699965,0.8080644375160138
0.049083685138895716,-0.9493469074714602,0.7010639420515427,-0.03265051290566312,-0.7278476538788761,-0.4269197807369735,2.0747930352536796
-1.0,-1.0,1.0,0.37681138561857086,0.7044917474596054,1.0,0.7405904941281549
1.0,-0.2502471871825847,-0.7208894655051985,0.818617222664527,-0.3664322362931015,-0.8411673723907105,3.0942504655740053
-1.0,-1.0,0.4160210671532383,-1.0,-0.06060249585609223,-0.19376487287773358,0.49384155349920333
0.3122721153057042,-0.2913796598817501,1.0,-0.741129298027952,-0.5049881959140275,-0.606703722236335,2.0449720037968446
0.08644197059992312,0.9259481236121151,0.37555737537489114,1.0,0.12154893210988527,0.3260221720956311,-0.9376323782514551
-1.0,-0.5470439524783821,-1.0,0.9224583197705489,0.6925049098681324,-0.6800705391794902,-0.680188261849303
0.47369075402211913,1.0,0.05765295794680014,0.6330960200456275,-1.0,-0.17317233372250307,3.130841488502659
0.3876017395097625,1.0,1.0,0.2328383861761788,-1.0,-0.6426678639542889,-1.6046305770950964
-1.0,-1.0,-0.2880387447166388,-0.009566360234146254,0.2873981797183215,-0.7442516249329875,2.280395945786602
-0.5598099973233234,-0.1320852477208661,-0.34417048283209717,0.6909194710461163,-0.8659801846356405,-0.9349088642998746,0.28729381335868964
-1.0,-1.0,-1.0,-1.0,-0.6379180715134399,1.0,-0.5375178985747582
-0.18834831504571548,-0.12019405414385465,0.7629893444851569,0.41416665412088405,-1.0,-0.4711291139160032,0.4746438127082422
0.3369582879114743,-0.5085764473620995,0.1888907138189963,-0.14579163264919834,-1.0,-0.9488966157403591,4.413599982410369
-0.048620388507909895,-0.26768149321105905,-1.0,-0.9899285091239344,0.9004450802270505,1.0,6.055199180686313
-1.0,-0.6726557502989938,-1.0,-0.9155560594489275,-0.9604029543218269,-1.0,4.2821928320837
0.9747217305186407,-0.8906427180176344,0.3952778759173921,-1.0,-0.421879510725218,-0.7753951520342655,9.516963725100151
1.0,1.0,0.64644517395175,1.0,0.20976987776748712,-0.22799163755725352,-0.922727529704814
1.0,0.8448469512842669,-0.05570719257544743,-0.29659274315780926,-0.49794370484755696,-1.0,5.295652938229219
-0.0652173511911476,1.0,0.3183789284786845,-0.6515698615525185,1.0,1.0,6.4775523007911735
0.8661023780340891,-1.0,-0.7242379545404712,-0.09364385015296872,-0.3259055588941215,0.09661003048112471,-0.08465116970324793
-0.007524917996907021,-0.7980136766023314,-0.7136805310616883,-0.05648421950978055,1.0,0.9826651605960621,3.594302745983198
1.0,0.912777763252886,1.0,0.6347784863491315,-0.8725613922173846,0.5997604023473649,1.853192784214164
-0.5642470213033307,0.32325330972465044,-0.4169486363027028,-1.0,1.0,-0.6488915083563733,3.4825815321400384
0.432119901591402,0.3345349898103153,0.9142358234611472,-0.589079347476284,-0.866455437737049,-0.9344260101631499,2.838204449712139
-1.0,-0.7153603615591372,-0.3176196500346037,0.1737070664226253,-0.7553785098284271,1.0,-0.4933063625487088
1.0,0.7182127948046755,1.0,1.0,-1.0,-0.2672899345029942,6.238002629222098
0.2691342271046502,0.4054178147181573,0.24296581640578424,0.9383204464270606,0.2917471580428968,-0.4528681711061594,-0.5471965123663308
1.0,-0.10491614072732047,-0.9110528642736694,0.9030124281007682,-1.0,-1.0,5.66088245755173
-0.9209135150301432,-1.0,-0.46433297944976215,-0.699948456718323,0.15095262371524,-0.6318672750354412,1.0488513718696015
1.0,1.0,1.0,1.0,-0.8395550887253929,0.8248876516238111,1.4327462483498439
0.8193117392828133,-0.11119237808133375,1.0,0.565716592858783,1.0,-0.871818307317549,-3.034590361829476
1.0,0.6058397672765805,1.0,1.0,-0.26297515273694383,-0.15112889102259086,0.8093702471732532
-1.0,-0.14957962593630714,-0.893524472572482,-1.0,0.09921258584048953,-0.05892592534880431,-1.9760114943645186
0.08691375100936727,1.0,-0.01543119614195232,1.0,-0.8398576764281003,-0.09381723708182221,3.3461372922812025
-0.8937489926775875,-1.0,-0.18929774254555376,-0.7728324405068765,-0.36851908405613143,-0.9034846004137478,2.0322668003728475
-0.8308241078811607,0.2869040499016472,-0.4688801176161673,0.06617930237855543,1.0,-0.45434268779123066,1.5275607658428227
1.0,0.6040040209026467,1.0,0.4183727033606621,-0.8367211016833943,-1.0,6.018777027190846
-0.14363646773097538,-0.9469601678029264,-1.0,-0.7765301902770898,0.6925310839498079,0.9086343444819387,0.09926000372304189
-1.0,-0.05214755388169076,0.332687434439578,0.12385707388563655,0.4063063353166914,-0.6488324328385476,1.9451441564464527
0.482141772843333,-1.0,-0.16582655091801576,-0.4219777859253465,0.6193831594669047,1.0,0.729961980010264
0.24287319208160296,0.17199020775518759,0.36294505623881035,1.0,0.597002888234648,0.25294221172920384,-0.20271489466757123
1.0,1.0,0.3118100104713334,0.30780953571037895,-0.24831523843913694,-0.020086419242618003,-0.5360740319078018
-0.363445767670586,0.4240554871194414,-0.30405540089938154,0.1233595041216744,0.5231719753825741,0.2111825473926573,1.0237952870878775
-1.0,-0.5502009314122511,0.4225167333533303,-0.9462986727950677,0.7953617773507127,0.9581615376302366,0.7259077645459728
1.0,0.4298875929827491,0.15405929681690456,1.0,-0.2818259832390107,-0.3290725298643155,1.7705087352049549
-0.05234457718232208,1.0,1.0,0.3569762082434938,-0.9957683505369228,-0.042009892033369134,-2.0059738147466017
0.09650819772844355,1.0,-1.0,0.602222463452706,0.3922389151988672,-0.5873065276646723,0.728752881132606
-0.5604857750922251,-0.8035634508838279,0.11268829564199428,0.1962790457491923,-0.9975854096494625,-0.9348133434971864,0.9871776375381244
-1.0,-0.4862255372573049,-1.0,-0.7540375351737119,0.35314632688691183,0.6913425367856769,-0.2534667174600804
-0.48996996374754087,1.0,0.8945245082490085,1.0,0.8024156682055814,1.0,-4.634914414380875
-0.4731458116963311,0.13436146842974797,-0.8392395219244317,-0.4591835980741311,0.04069902113111809,-1.0,3.3518368217489902
-1.0,-1.0,0.2549417355702541,0.5999543424589924,-0.024636882313335606,-1.0,3.7652351107064588
-0.9939802226288659,-0.7135961777391536,-0.7320934897745709,-0.5481384600206896,-0.5609944298561286,0.6557457834721039,-1.2377259872446045
0.022218079668618995,-0.9250862171847452,-0.8207203184910783,-0.8443798825422071,0.7746425020034264,-0.08719436826546678,-3.1594959500344144
0.6861512078347496,-0.4062461492663865,-0.7993628047043877,-0.49154270356051355,1.0,-0.24455004045776452,-1.850818690210098
1.0,1.0,1.0,1.0,0.009563589049509047,1.0,-5.7095996126241975
-1.0,0.18342787317705694,-0.6774617802569578,-0.3896685941352344,-0.5853536531419488,-0.3240547530477986,-1.5507622342719956
0.24510226696565163,-0.0247742613402806,0.7884726780985899,-0.4130229160162391,0.07425504872350186,0.4062334441185149,-1.4149549276287319
1.0,0.6090987970043589,0.6311913677068037,0.7842249371910863,-1.0,-0.7733527032630045,7.093764187774571
0.9332045491982899,0.6690444332308669,1.0,0.12516344018634018,-0.09504102392198013,0.47954547445463713,-1.1007159607532027
1.0,-0.14915138397635436,0.28856819353352536,0.04410503496517304,-0.3572000324344349,-1.0,6.941315405172433
1.0,-0.3076625273772665,0.9839324730335414,0.7698296839202488,0.10806283614897927,1.0,-2.5601672743082076
-0.521699643075256,0.32439904607507297,0.06637323505792031,0.7587160677716047,0.892660671950883,0.9634718350459086,4.853386999576062
0.4500153587325577,1.0,0.5329197378959427,1.0,0.11716577833781039,0.23235232084250756,-2.571043865978692
-0.38458032346178794,-0.9983588553049927,-1.0,-1.0,0.4372258620216375,-0.27895290068910766,-4.015655360656927
1.0,0.830775448375054,-0.643783504672466,-0.20986745971107582,-1.0,-0.7265747583912299,4.334061671750627
-1.0,0.44671334410100205,-0.03508885707944809,-0.8409536215164153,-1.0,-1.0,-1.176458090752173
0.08602297529545688,0.9700110617473308,1.0,1.0,0.6179203182061295,1.0,-6.787242083693956
1.0,0.6783212689708068,0.47556958074034816,1.0,1.0,-0.06092589043409513,-3.0329250132977372
1.0,-0.35884768025609354,-0.08360198002203456,0.17613613281915985,0.2734609677733151,1.0,0.9768435147616517
-1.0,-0.528856914176085,-0.8245083807332282,-1.0,0.24636923746883688,0.3701126450131412,-2.31699418778209
0.9570658625769323,0.22814066403368805,0.7147849030872275,0.844948433972605,-1.0,-1.0,8.60239483471165
0.4730699072543749,1.0,0.26118188765379696,1.0,-1.0,-1.0,7.35820554832299
-0.9234910432520562,-1.0,-1.0,-0.7404196357532298,-0.48463845863187593,-0.10569246979822089,-5.008937289060696
1.0,1.0,0.45719942637004585,1.0,1.0,0.03120794961914186,-4.735150527850624
0.5196791992391749,1.0,1.0,1.0,1.0,0.10454095012530464,-6.242520663718838
-0.6597471030777418,0.20923800778535107,-0.9238026514606106,0.5747996209067883,-0.5912600716306714,0.7817662398478472,2.298436087385294
-0.9415962281323446,1.0,-0.9464649239814651,-0.2738099731704398,-0.33463398841951175,-0.0404737841007099,1.7542033689889243
-0.9804415444674095,-1.0,-1.0,-0.0007176764874994301,-0.5769466075201316,-0.04786653757744341,-5.872813703089691
-1.0,-1.0,-1.0,-1.0,-0.8951038936705493,-1.0,5.163103945515244
0.4091030677652572,-0.06136285815717957,0.47321564782229547,1.0,-0.48484897691991735,0.006440509286762319,0.7372974858878047
-1.0,-1.0,-1.0,-0.5042724672403058,0.9112104469280556,1.0,2.3421365950130797
0.0812351074489468,0.08626643062198758,0.03052138279567851,1.0,-1.0,0.6146153634310239,1.5066926383904968
-0.3923648835973199,-0.10849226238425691,-0.9663554765699567,0.6068308014584166,0.16415379959166532,-1.0,4.374592152628326
-0.4127064114196739,1.0,-0.6299258420562917,0.5051161054002403,1.0,1.0,10.109131695125608
1.0,0.13249716114057186,-0.9254696242805509,1.0,0.4433314957706833,-0.7857805275312446,-2.226830309201993
-1.0,0.05303424902935111,0.6377677854288495,-1.0,-1.0,-0.6430760704942606,-0.691660628734083
-0.22643721459826216,-0.3381189991778687,-0.41555352007272917,-1.0,-0.9515349921865048,-1.0,2.144957322810055
0.3290654717327147,0.8426384816008599,0.25099147793323906,0.4092873243119507,-0.48532560220471527,-0.890365047302246,3.615786850466406
1.0,1.0,0.44985290971509806,0.17876499010349833,-0.3836616498057108,-1.0,3.1276789845571162
0.27567799773980384,0.539283163987364,0.4073067694304924,0.7842394487951992,1.0,1.0,2.723024550933498
0.33227340094204827,0.07038951136895721,0.5494499484717823,1.0,-0.4853738779812649,0.5748079313279798,0.43675426174630905
0.3142277314030548,-0.26369765989113647,1.0,0.49068585910892715,-0.5245567589256768,0.1435979385457936,-0.7079804667185263
-1.0,-1.0,-1.0,0.11950014492701921,-0.4311245658558902,-0.32894269420090994,-4.432176990848172
1.0,-0.09985534071029781,1.0,0.22980055670076788,-0.39968975232978154,0.1390070719167793,2.0106367493706303
0.5524496354956853,0.7055854832011665,-1.0,-1.0,-0.4928447317947673,0.2556896184236084,2.405257803544953
0.7874876678051894,-0.5506709057483126,0.5955284887891219,1.0,-0.7733910053879678,-0.5156437507226734,4.2143900875273435
0.014823607921507498,-1.0,-1.0,0.0046820436026445145,-1.0,-1.0,1.2573896429716718
0.15609063737793483,-0.7734650419004239,-0.10799996721964078,0.06661432386750105,-1.0,0.7407720207419863,3.2247839079033285
0.6904990140640404,-0.9018848962961736,0.005544815591577101,0.7148077944717894,0.9883852780160716,-0.4362470962607897,-1.3912940311594688
-0.49055737230291274,0.34950799949999345,0.18497268256694976,0.2857230519991705,-1.0,-0.4329321320469397,-1.9189814697848946
0.63304305820079,0.11905738647293973,-1.0,-0.1249188832166852,-0.21138563969621582,0.7952705880668031,3.9448435188586717
-1.0,-1.0,-0.45449501385196545,-0.0629871705467202,-0.7655468051028173,-0.8384772610493871,0.844130404606317
-0.3985543954536377,0.3485511250480404,1.0,0.5811285204944887,-0.3769596389472805,0.15068421524316655,-0.9832585429501968
1.0,0.12935867428588166,0.15710956751771232,1.0,0.2468684760761528,-0.11108649431633735,-0.1925894784948995
-0.3635270845958142,0.21761739461515894,-0.18445597366735478,-1.0,1.0,0.8442842093795049,5.868137816511284
-0.24671252697314405,-1.0,-0.730739477492678,-0.31120912868708905,-0.7347301317368768,-1.0,1.7678918020249494
-0.04045152439854377,0.3351301218399547,0.7001436950374025,-1.0,0.7854554368469444,1.0,1.5744466663645076
-0.20421400684146285,-0.2667394868655729,-0.11818742544187333,-1.0,-1.0,-1.0,2.813532097336116
-0.4744769940286285,-0.3836721797077951,0.42128234021391364,-1.0,-0.11318313810515179,-0.6594955687535089,1.0844259128873195
-1.0,-0.8917145830680795,0.1106114451528768,-0.27801938126163184,-0.5035461454509556,0.7343402841846296,-3.2362487850851744
-0.4569720339373532,1.0,-0.8158623799704988,-1.0,0.5300037847172678,0.033500863789996504,0.998521286729406
0.8385439834130477,-0.3703325006352502,-0.8616418342514498,-1.0,0.8421438451699775,-0.4386728743463056,-2.7796223299374803
1.0,0.35523732332049374,1.0,0.3498805421943614,1.0,-0.038103972156494,-3.5547615815640152
-0.893835952940468,-1.0,-0.4654073346625802,-1.0,-1.0,0.6519695875309071,-0.7188815341041537
1.0,-0.28448251091746696,0.6198924167302012,1.0,0.9277318196344382,-0.2114639432443146,-3.209958369318466
-0.8697892876722824,0.7872747720640751,-1.0,-1.0,-0.49342417816366824,-1.0,2.3957054114411687
0.24287962807174263,1.0,1.0,-0.9673432728939833,-0.6432115181751399,0.1275778726632174,-0.47368227580386524
0.9384878675555665,0.90373876234468,0.7639549856174186,-0.4035486533828565,1.0,0.524302790602394,-1.879226387961731
0.9015405349045862,0.23989983339263532,0.48144294489649203,0.27598150746128236,0.5939312897626916,-0.35864503598261155,-1.5439733473030226
-0.4833449753580503,-0.9545188318816485,-1.0,-1.0,0.8085928377670314,-1.0,2.7492564673759716
-0.8135119319118714,-0.022092762130162452,1.0,0.5932737347047645,0.11517800826050562,0.021495365063223026,-1.7241531209420549
-1.0,-1.0,-1.0,0.5584577328388478,0.6342697028624111,1.0,3.945873327699772
-0.8124217584331823,-0.07803976858581074,-1.0,-0.039867170866772605,1.0,1.0,8.874374171225083
-0.1523921169852277,-0.018696098094723557,0.09126344192552807,0.2507593477507512,0.1265852454719849,-0.024101440283574364,0.43893088663901864
0.49291875349150205,1.0,1.0,0.0527573360991449,0.34105055386699545,0.2871278726916162,-3.344962447171671
-0.6459711425255716,-0.9244356788258788,0.12198463020721834,-1.0,1.0,0.5722095362028796,1.2829047831244034
-1.0,0.30172846613423576,0.11566305461928938,0.035470212769420084,-1.0,-0.48589474235238117,-3.0004532859242654
1.0,1.0,1.0,1.0,0.2332406338800289,1.0,-5.2867945832305745
-0.5528112657906199,0.37982493549871765,0.07243199700764519,-0.15193652512835332,0.6135167645564314,-1.0,3.0667000498571895
-0.20410670038837858,-0.08313324138923567,-0.1947362532181941,0.09901002072388704,-0.272727645260394,0.2806153317407592,0.46884064109723356
-0.6397033941212534,-0.3750145829786181,-0.3283241540768299,-0.2112234993482609,-0.7343949005885038,-1.0,1.1044425564459601
-0.9252617347286647,0.6553621986316488,0.07884839509970831,0.17232658609633622,-0.6319238989577846,-0.07188042540095685,-0.9080658405647958
-0.13278566451481633,0.029183705175581443,0.2996950216991927,0.3855133484442872,0.1501445808469427,0.7146175661431338,0.6498929580895181
0.7503385848870521,0.9210067500423713,1.0,1.0,-1.0,-0.9949400347673671,6.694578802354899
0.6173679334392241,0.8523732345239292,1.0,0.8091021424233793,-0.15676541104218417,-0.28995098955294196,-0.5419634652860652
1.0,-0.12394629799533764,0.7725945322331771,0.6867013013378174,-0.08666386327700049,-1.0,4.866285642777423
0.918184913432711,0.809734681900945,0.2609810974749816,-0.013731415967369487,0.1843962371865015,0.27977365999077763,-1.5114250015945663
-0.005918929769174297,0.08148930557379525,0.9047655187699801,0.2931137664737301,-0.4858350630382132,-1.0,2.0600895544734925
0.8309471001321925,0.07470085901653212,0.10043818097010382,-0.5380138769507391,-1.0,-1.0,6.277767333470349
-0.5678456619534298,-1.0,1.0,0.3935617339289795,0.5375067443288064,-1.0,5.456266124750643
1.0,1.0,1.0,0.003329744044315297,-0.894498684456313,-0.3555934848550948,1.4979633784344535
1.0,1.0,1.0,1.0,0.22938943623220065,0.59902813499386,-6.389554359305507
-0.5378410432119369,-0.3315544240223214,0.2892752649709263,-0.961658200502679,-1.0,1.0,1.629738035821048
-0.8833142882303894,-0.9454644286658662,-1.0,-1.0,-0.19288916681092494,0.5645918260944066,-5.054958733796181
0.6954354994933079,0.27855129288829406,1.0,1.0,1.0,0.1293855331078897,-3.991765359223403
0.0683983974091331,0.24712472473390804,0.39246431092065137,0.4267358268423872,-1.0,0.7171417171230996,2.4429254007124035
-0.6284848341242174,-0.48924192249173404,-1.0,-0.6858240178631847,0.14032395309513473,1.0,5.787765540033311
-1.0,-0.15405736187959795,-1.0,-1.0,0.06064451416430827,-0.6338425616249159,0.12636747731290715
-0.5966589536027131,-1.0,-1.0,-0.32625783980083645,-0.13107465988162637,0.03171649253337261,-3.6241654636120377
-0.18067012295331109,-1.0,0.7196932753360865,-0.12919678834037807,-0.31408458502521497,-0.8906918568751647,4.401324803464599
-0.502627521191544,0.06828866948293577,-0.5819246177216799,1.0,-1.0,-1.0,1.597257838255001
0.6180702518067014,0.04833138358650224,0.22989487306100526,0.10549498125873186,0.6913095086965624,0.22350990394399706,-1.737978439754052
0.8100258451648845,0.9417462237195817,1.0,0.9263053033250503,0.9640053059863507,0.39385561742251923,-7.876321629597593
-1.0,-0.43722616845393025,0.7466034351119843,0.22876456080601698,-0.052614754750458514,-0.8393983717033701,3.368057710359709
-0.32723887193088375,1.0,-0.22502727776257336,-1.0,1.0,0.6675644664560462,7.022449521125857
-0.25562116099444043,0.8194188176203491,-0.19969357231369303,-0.5196364039254797,-1.0,-1.0,-0.7200858298307142
-0.18972050290032816,-1.0,-0.25099670830534815,-0.6655430898584285,-1.0,-1.0,5.079266659745528
0.6807099526465956,1.0,0.14832986110109347,0.6194638409772248,0.08492438701539406,-1.0,3.7957469768136174
-0.41473858188319146,-0.5572943176379903,-0.025490575780656943,-0.06144643422703311,0.19315757870275796,0.06437540644316608,0.5051947775134511
-1.0,-1.0,-1.0,-0.9860402393820926,-1.0,-0.34420947721304196,-1.2391505364424797
0.2244009697751015,-0.19588424582486247,0.528292371164309,0.6962689709183606,0.8876206734714907,0.9561541696441094,2.1149195359318513
0.6355597268503941,0.19880918504068457,0.48531062400667957,1.0,-0.3749928672655098,-0.6980362850202703,2.4958906382276336
0.5695639984736398,-0.12946976994334353,-0.37874687395330525,0.17416889766683064,-0.22664914752066867,1.0,2.9933256243332593
-0.8079734754338557,-1.0,-1.0,-0.57957444414457,-1.0,-1.0,2.3962631948831254
-1.0,0.09788845009788771,-1.0,-1.0,-0.19701647436357594,-0.7122770056536945,1.1384931015622035
-0.6403291791758432,-0.505306089371842,-0.24939160158427343,-0.17493586429158017,-0.06419894062982134,-1.0,3.9298460323723665
0.25899613983261505,-1.0,-1.0,-0.8627499221850432,0.06473003623750623,-0.2463494274316049,-3.483475948909363
-1.0,-0.29253813296673914,-1.0,-0.20968112528207272,-0.7534053061843692,-1.0,2.3904628815697295
-1.0,-0.6999963547058481,-0.346331424023715,-1.0,-1.0,-1.0,3.336560025403251
-0.9652097910674728,0.4684954054198047,0.7732114930694993,0.6602831912913057,-0.8650224671182836,0.013939185796023046,-2.6636319313866936
-1.0,-1.0,-0.7563760786214231,-0.6853181229323255,-1.0,-0.04792223473218549,-3.065582491903065
-1.0,0.7444368667674711,0.23363764437712298,0.03208069376471956,0.0849680214879302,-0.43197944836125224,0.26142040023155255
-1.0,-0.8116782507357899,-1.0,-1.0,-0.6242413811863968,-1.0,4.0526899821317794
-1.0,-1.0,-0.9683645472508382,-0.14574912888900493,1.0,-0.06317972764189606,-5.008776497605342
0.5453441544527403,0.3552726299980622,0.4015062438664254,0.2851357335298551,0.44515276124615133,-1.0,1.8302133381875318
-0.4705696129386123,-1.0,-1.0,0.4749764564510271,-1.0,-0.7706549185303542,-3.0186736435797656
-0.4263617622662432,0.2914811293482714,-0.8120933240249071,0.23967850777644312,0.35852382382952874,1.0,6.877351188723908
0.6094440726195849,-0.3509629649280902,1.0,-0.11468457880432492,-0.6093648554843973,-1.0,4.116993757500162
1.0,0.8377246015515591,0.524012094655812,0.17791029748616377,-1.0,-0.8597970233232752,5.657535504327359
-0.6199711914368888,0.8878799481635182,-0.8957330025015062,-1.0,1.0,-1.0,6.311881859832314
-0.2627842387037772,-1.0,0.296921276591001,-0.039184607140708705,0.07844198143678549,-0.30156544568836346,0.9079314522193539
-0.5187843192408476,1.0,0.5132511389359821,1.0,0.29571707070877945,-0.7487524044964369,0.03766751744811492
0.6607615818924426,-0.4614351910485195,0.7619910163450023,-0.16458368929318098,-0.2076281933816877,-1.0,6.17630757222535
-1.0,-1.0,-0.40445090774630077,-1.0,-0.8533641165876327,-0.6704153330974575,2.246207732501974
-0.41639602232312845,-1.0,-1.0,0.8285829304256117,-1.0,-0.9939918405707737,-2.6961594663222916
0.00972660705037176,-0.23606962924745684,-0.0890612075399404,0.8596489924772318,0.09084622824225208,0.9007045212168796,2.8183390417479965
-0.5810214349340475,-0.0269847771201131,0.038400945206834416,0.4238442836998503,0.6145176515855516,-0.6414866763672336,3.415190227638229
-0.8598198001851044,-0.09547581163830915,1.0,0.6758453840182985,0.4932519838885935,-1.0,2.1204904222307572
-0.2968902651687274,1.0,0.22804301073615563,0.8378618181810904,-1.0,-0.3540247448063566,0.10612927563472552
-1.0,-0.2807159131945449,-0.9767634182933091,-0.5149954715115405,0.2511030556651342,-0.3257250631566351,-1.6837239586199355
-0.4918728211673824,-0.7821210331161006,-0.9742505011683704,-0.09739790252849212,-0.7854794204842774,0.2859094648161189,-2.1151267145880124
-0.33554742017347405,-1.0,-0.2845925141110226,-1.0,-1.0,-0.1493703548115317,4.149420319215326
1.0,-1.0,-0.48644684239480984,1.0,1.0,-0.07283006503877176,-5.43846482773321
1.0,-0.12668090840594037,-0.7275565120087681,1.0,-0.45191060002325545,-0.1539723063978526,0.9320156540565948
-1.0,1.0,0.6239184246311811,0.698470939146502,1.0,0.6854735319461548,0.23092410786951234
-1.0,-1.0,-1.0,-0.3088828913666699,-1.0,0.7507673756152723,-3.668480612824994
1.0,0.5885890905909738,1.0,1.0,0.09553351895129181,0.032880204702493976,-2.038725574035883
1.0,-0.30760746677993733,0.3069321590213052,0.7186854729400896,0.41478775732536644,0.492372976496431,-0.8732938702263591
-0.6481041089106323,0.7428004603903783,1.0,-0.0957936355845018,-1.0,-1.0,-3.5349601672579336
-1.0,-0.03846745306005428,-0.15609966718642165,-0.40999571019695624,-0.27688690312553466,-1.0,1.9073078061828441
1.0,0.09544057670886386,1.0,1.0,0.3357713672182885,0.5628594853744086,-3.3236652721586513
-1.0,-0.3150283046740495,-1.0,-1.0,-1.0,-1.0,2.7771623060052884
0.8614464639853966,0.5423469231613445,0.48153206109194613,0.4909544864934845,0.4060181417693761,-0.2494666195712852,-1.210788800858731
0.29694087766778376,1.0,-0.7823367502295675,1.0,-0.6558829902298189,-1.0,7.212867050729063
-0.8256297642174185,-1.0,-0.44796840200376625,0.2725203713059844,-1.0,-1.0,-0.9869235564416785
0.98009427269809,-0.05782447971438254,0.13211117673822684,0.5592376066841314,-0.20818571785962203,1.0,2.6870961786665815
0.9522377221318516,1.0,0.43470214408063756,1.0,0.8373185804723783,0.40112861309892067,-3.238763502839038
-1.0,0.21622574629054792,-1.0,-0.07723394244512582,0.06885597917162145,-1.0,6.26096096733855
-0.7913648390426244,-0.8785370470469036,-0.3584993408413908,-0.03744039062708343,-0.9527795439694442,-0.564223331431372,-1.2062278854628001
-0.3978775610831071,-0.6317868460840901,-0.09443244134443751,-1.0,-0.26153887069648724,0.10459091567609713,-0.406033218768751
-1.0,-0.6303836185572935,0.06897357511047275,-1.0,0.1240652585914429,-0.8384488624119835,4.594469244512425
0.3514539300746776,0.6921043602225022,0.5657176738276294,0.12295779050666744,-0.5241004737725903,-0.24357923150506344,1.035506763116276
-0.1097091852956905,0.37794012440942293,0.9186972403590858,-0.25971486741201577,-0.4097387199831035,-1.0,0.886490475314401
-0.20348101162258697,-0.5796030858328746,-0.40377383033983794,-1.0,-0.8807231716489694,0.8312647718026354,3.6636206806124463
-0.8312093474932352,-0.5466763269418432,-1.0,-1.0,-0.937082984194509,-1.0,3.5380957814265415
0.43565722600719226,0.4864802954923523,0.22381234288907043,1.0,-0.19197331170734372,-0.7344014820126672,2.7943551691204562
0.2508311670485197,0.7803452387395474,-0.9572449919796796,0.007894484537210839,-0.14997877524987313,-0.19876771671759275,-0.07206649657926578
-1.0,-0.19590423396139522,0.1364396712187772,-0.2612460106941407,1.0,-3.364407736472508e-05,3.0701261049375774
0.16231445711501036,0.4664234690358104,-0.9300662397508979,-0.741037685575565,1.0,1.0,7.770449801716792
0.655924562699914,0.809469425273857,0.46211063852084644,1.0,1.0,0.9813707634860116,-1.7565313431814857
-0.4838302620618218,-1.0,-1.0,-0.979923349424451,-0.13972821255997375,0.9511636893304392,-1.0675811131402266
0.7651135287339688,0.009627682323563813,0.5943457554133064,0.09011702253478004,-0.5246417161512772,-0.4486921035497995,3.6807340312414416
1.0,1.0,0.6810332539159063,0.6039228602560003,1.0,0.9898061367544748,-4.076396846939216
1.0,-0.29741683431970023,1.0,0.6366273244119238,-0.7889702660303839,-0.023917163796304375,3.7144354705295117
1.0,-0.9673819317195382,0.08661295118972667,0.9299241960677442,-0.0501356261874617,0.696663544203272,2.3150451194039934
-0.028925627861847325,0.6490440396043934,0.2939452608031389,0.6843519179006093,1.0,0.33736879860004587,-0.7756879078744255
-0.8314450512983638,-1.0,-0.8872317130485659,-1.0,-0.1620233648769489,-0.45212629143065797,-2.9500399510650093
0.049798825476658246,0.35302526037295945,-0.3984007976781968,0.7805163285636312,0.13612075576553584,0.6229587277993538,0.8599956022636286
-0.12475400996763286,-0.7518091974817097,0.720301182581382,0.17286227995729136,-0.9414202840709167,1.0,0.4880979079138985
0.0010378367278472758,0.14317331436039282,0.1201184311100218,-0.9627902949180376,-0.6730124464312686,0.07899122304532413,1.5082549178123275
-1.0,-0.6233998324113039,-1.0,-1.0,0.9307781123450471,0.29971733621912233,-3.482035509404848
-1.0,-0.10933024543618419,-0.29393973024964504,-0.2099153173727013,0.6522699012312767,0.03619822314140042,2.231061973697291
0.44369722328491784,-0.797884869205844,-0.9362950959767453,-0.044638952461817004,1.0,0.6880115532782378,-1.7132473149563427
-1.0,-1.0,-0.11781938403066139,-0.7483294347915324,0.4288570951058691,0.6657309604865487,-0.5654738901961844
-1.0,-1.0,-0.9176020373423674,-1.0,-0.06750145277637887,-0.2976830349217825,-5.445743460525545
0.6787604100016272,-0.6470236815019732,0.3189362835797017,0.7702957282014434,0.10353494390722018,-0.10258095923087507,1.4330146448217933
-0.622138756006013,0.31890346848452333,-1.0,-1.0,-0.7310042326469255,-1.0,0.6556986576684306
0.26525867913282636,0.12897454971013256,0.766598727225844,0.47182951848001,-1.0,-0.22116265678503866,1.5133364678241297
-0.5764485135971207,-0.34301821580474523,-0.23466346193684562,-1.0,-0.2841445607992795,-0.32441662815964173,-0.25657911662711613
0.48191663406374086,-0.03841053702746611,1.0,1.0,0.4944538173324958,0.4327956138051229,-2.9348020120110627
1.0,0.49173956630136306,1.0,0.49667530971666896,-0.8443870558064219,-0.6042891911076349,5.843764376129298
1.0,0.11712561321716697,1.0,0.2666693607837254,-1.0,-0.35601340498561784,4.90187003921436
0.542936938602494,-0.2738932830836545,-0.42617773925505814,1.0,0.8317186569138364,1.0,3.710514652620103
-0.8704724996014873,-0.9646196001737443,-0.4499657245719907,-0.2853117768551158,-1.0,-0.9280459570655346,1.4874878887680532
0.4746870058145469,0.4872920222298043,1.0,1.0,-0.8529812313495084,-1.0,3.7971319256452403
-1.0,-0.4519800079592331,-0.21365021322951283,-1.0,0.8200290647754784,1.0,3.831817564642554
0.06576626907866889,0.5060901157425896,1.0,-0.25428688837331326,-0.3675429631458185,-0.12495777294750221,0.36537171632719534
0.1395063734043605,0.017299109293812842,0.364569230998135,-0.5963621967018301,0.37546012901346526,-0.12974913714603795,-0.028505623490180654
-0.10665078760689861,0.22328891000742226,-0.7712671771681467,0.013269728128678215,-1.0,0.5594729651403672,0.7775688025005687
0.172666544542928,1.0,-0.018748616095443427,-0.4223254111796014,0.11774963235968827,0.15322427949966388,-0.29594527033260176
1.0,1.0,1.0,0.7612271116073457,-0.09796951246444152,0.3150600256124365,-2.348106603603444
-0.20901444177834794,-0.6561669839478379,-0.457159541304864,-0.8870170794052596,-0.40869954881313453,-0.8078591805312405,2.237279215713163
1.0,1.0,0.4121073022732932,-0.12152691229441387,0.16660891436608816,1.0,1.4546755505207871
0.2947453083721688,-0.08678296977145356,0.17147536470070845,0.33816064984206484,-0.991127382065973,0.4257422392405902,1.54336594221769
-0.28820524537760833,0.7024480735316792,0.02374762917838036,0.44160113091718345,-0.6726315211087369,-0.06521902564840332,0.7753521795325901
0.855499557181809,0.6473134538245024,-0.46889757770176166,1.0,-0.9463229279628875,-0.7450490232530891,6.260022092709992
0.4561689162501861,0.7095233441214674,0.2293107015568976,0.3244174543070171,-0.024432230951264955,-1.0,3.496148720600159
0.4968700374916035,0.47557496156312773,1.0,0.18633997246059786,-0.3460134343200058,1.0,-0.06862185178919389
0.4376165011923731,0.26099507695924484,-0.2426591402144608,0.9019066719258174,-0.36869397843979224,1.0,3.047790541577297
1.0,0.39302583235100685,1.0,0.20122790644161548,-1.0,-0.7941186750276432,6.650697641689699
0.6670546800529719,-0.21306233307976397,0.7870537306377328,0.5287089570441219,0.5882002577356908,-0.007136714466892791,-1.803397244781969
-0.3129749587227002,0.08533533985444197,0.17618037050005128,-0.6040189990591295,-0.43090825259320553,-0.6936893560288269,0.6706397055475812
-0.20107945831026858,-0.30286147492441673,-1.0,0.38959630263608097,-1.0,-0.5571716244044832,-0.939881128849201
-1.0,-0.18551182562837587,-0.9227001241003971,-0.6398630833476182,0.8539332246086367,0.04702946023032828,-0.7706081567292427
-0.29002148759509616,-0.41587223417344155,-1.0,-0.962881279579002,-0.1429542879650989,0.6113934406393206,0.13755760903178071
-0.36995049018203596,-0.11158712858265935,0.6355926423501845,0.868580109163061,0.5653530247362526,-0.6799033485407673,1.153203030985697
-0.20410677647240877,0.5628268870090467,-0.22780889381476443,0.09869782214286804,-1.0,-0.3130285796708405,-0.4583188883487147
-0.4274582062569303,-0.597594970020266,0.8443012189386438,-0.35565548640610845,0.7778758403886425,-0.7085363833402913,3.0742778061293556
-0.40920105984482924,0.6592662212079397,1.0,0.7371161677456775,-0.9366222414958776,-0.4304502577172312,-1.2925125121602763
-1.0,-1.0,-1.0,-0.6001744335835266,-1.0,-1.0,2.13544338562692
1.0,0.027039499349942098,0.6748516230412248,0.8446521892964068,1.0,-0.48270298831023295,-3.3152670681163436
0.0212202699309475,-0.10261945314297155,0.7121670400652724,-0.0487176005254962,-0.6066677119060173,0.3037656076754385,-0.2645929297450691
-0.38663234547412295,-0.46215804940276795,-0.025315478275981906,-1.0,0.08691011837840157,-0.33820252968368053,0.6762484886575272
-1.0,-1.0,-1.0,-0.6576956101466895,-0.16570192643619824,1.0,-0.5544943455392274
0.4929400978504973,-0.481537418410307,0.21718105113848196,0.3726006455307613,0.5226281624400896,0.9437753142055849,1.598020114721859
0.32188193913893376,-1.0,-1.0,0.9651568138951746,-1.0,-1.0,1.6839711586501598
0.5638007810961512,-1.0,-0.5754401811206372,-1.0,-1.0,0.3624495568723039,6.753537545601856
1.0,0.07494941165283225,-0.4019322684115904,1.0,-0.0016735821116630328,0.039564101189666606,-0.06100976528319186
1.0,0.16510020890233956,-0.10969033781110024,1.0,-0.2579431436023046,0.9004741110460502,3.0961431737116514
-1.0,-1.0,-1.0,-1.0,-1.0,-1.0,4.948569779387556
0.4469474174117042,-0.9237995423928687,0.9357174852876403,-0.30414674284570975,0.5389082780705982,0.8527153958985374,-2.636488252781998
1.0,1.0,-0.7086133661454096,0.48885832201231505,-1.0,-1.0,8.566981258649253
0.7726812502275818,-0.7498918479134341,-0.0713548862159473,0.6974642011657874,0.25186627652050775,-0.46685259641329807,0.8404093582532103
-0.1374520312438887,-0.2892699452229545,0.20455015151406183,0.021084114675752885,0.3540762035718819,0.3376095472276972,0.11420391281806555
0.3024621801221674,0.3461308338240845,0.5552142133343723,1.0,0.10766260602898337,0.039559270287010784,-1.1374009989465397
-0.7944165153758322,-0.01710706375103066,-0.5447628360778161,-0.33390256221284664,1.0,0.7092945237766144,4.037647988741765
0.011311590861202703,1.0,0.8841757885330692,0.20268787095365304,0.43608965375313663,0.40585443517746783,-2.177684215526419
0.03190452744989414,0.3821854616585987,0.1967940707174608,-0.2926811702145724,0.7583064923466706,1.0,3.7522291799372054
-0.4893678034259846,-0.9948175237860878,-0.3920963325518756,-0.21835133935512663,-0.5251359749202211,-1.0,2.48664829638939
-0.3123106544926373,-0.7761009085910996,-1.0,-0.47648186700658446,1.0,0.842733341070532,2.4303010175220527
-1.0,-0.5424667005540662,-1.0,-0.9363078483812253,-0.38006947636404864,0.20227865611177442,-3.2482937493825785
-1.0,-0.954764307625712,-1.0,-0.5632332136544076,-0.3472793386394767,0.009405763446558413,-4.320062079509448
-0.8935151075181214,1.0,0.8894827667754716,0.8838530565258816,0.3682870489863858,-0.2733646491503122,-4.5080652527483664
1.0,-0.04316652565933504,-0.33432073088785136,0.14159873938259082,-1.0,-0.72023971300782,4.470970031996258
0.0875178043522824,1.0,-0.998465519021777,1.0,-1.0,-0.7563483224866392,4.886368225654072
-0.44906232670465795,-0.13883417937706138,-0.5682239148846562,-0.7098373740747813,0.7258227440805305,1.0,6.1010145556987885
1.0,0.046819936716002264,0.4034369169498182,0.6551273620500201,0.9971957285714323,-0.5701483839855619,-1.3193178873656854
0.11052514374598443,0.9695985828402783,0.3832395665158424,-0.2989083581063576,-0.61832219598667,-0.023813710926035403,-0.5462410814479153
1.0,0.7250789826231161,0.08731047415391013,0.4096887617973739,1.0,1.0,0.7239975799564835
-0.08066932502121238,-0.04851051518717428,-0.11989942015934218,0.5710276810743633,1.0,1.0,4.979751373317889
0.18805651064009465,-0.6091072985871396,0.21925358797147199,0.48950361071588405,-0.6856237517468942,-0.9626513946821309,4.129913278137995
-0.8118023499208065,-1.0,-0.29387837085137125,-0.31666444044515907,-0.16842232251655298,0.25188283200955386,-1.6446629013780207
0.24960344588026695,0.13352314554645406,0.655321922316614,0.32916810239428684,0.31626613493941136,-1.0,2.694548099281986
0.7102129535614761,1.0,0.5695744590406631,0.3907062898556378,-0.26808930313588397,-0.13995565994529613,-1.2616197126211868
-1.0,-1.0,-1.0,-0.9912436745492301,-0.46705250673571985,-0.6815970135254222,-1.701942064707517
-0.48202853184320726,0.42727537858320075,0.5806700707534106,0.7974664163217052,-0.7995208688739794,-0.8467699348240403,0.5925386240282233
-0.7171109078203901,0.8518917589585365,-0.6727783332383884,1.0,1.0,-1.0,2.88187089439934
-0.7784524762354337,0.06881053680994653,1.0,-0.5073934750020284,0.3068116878532441,0.49361721151240956,-2.2730301380961273
-0.28998829029837436,-0.2577438559924946,-0.36719616174582764,-0.12578312007745707,-1.0,0.7984722909386519,1.364079482354179
0.04351164768309923,1.0,1.0,0.5010719301735858,-1.0,-1.0,-1.1473361470046393
0.7780870992347863,0.8234098225920415,0.35586742172051095,-0.9944086514385433,0.7878801302829594,0.512050110454043,0.28473102057406496
1.0,-0.1851193771359052,0.8703521690910427,0.787417515842149,-0.5166076312266439,0.175719140799792,1.6085860822873899
-0.5740108330473981,0.050146127868645585,0.32990360273935665,-0.31431651694377094,-1.0,-1.0,0.054866078907237936
0.1458317799249651,-1.0,0.3058758537272548,-0.3726910752790016,0.585067979586395,-0.40988652665840003,3.2581132903665813
-0.6480710466326219,0.39958601292791596,0.5716845523949168,-0.0539183948694999,-0.9434113713848833,-0.5472574934004064,-1.0720781770251158
0.8555243535862553,0.4073559673623235,0.5376833225705082,0.6096306922000891,0.260963546408791,1.0,0.12945429349411464
0.024434336207250773,0.7982915810973739,0.2710365079710815,-0.4522315600208825,-0.23867961494235562,-1.0,1.707777279581103
0.6184471715511339,-0.5256217108362933,0.9162490458373269,0.4990652675633962,-1.0,-0.7655928016157162,4.26897433972858
-0.6644101087309608,0.8211807834137148,0.344168915330458,-0.9479964995073922,-0.3347234675194345,-1.0,-1.8276412272298255
0.36469122100580437,-0.8999849107152494,-0.391997855245154,0.954626873511173,0.2715478831231376,-1.0,0.6737270284409232
0.5326745333462982,0.639606272360796,1.0,-0.43829874790498036,1.0,0.1289708916243409,-1.22482226450991
-1.0,-0.24614561691163278,0.9253135735689623,0.017397325773864658,0.05892447738345169,-0.27682798100162387,0.21245830446243552
1.0,0.19403615079809922,1.0,0.7000457097709112,1.0,-0.8597606739026492,-2.839951474964858
-0.6598251572311165,0.7184485432923453,-0.6577380171674404,1.0,-0.6470250541614544,0.7093971513099748,0.5561249861488547
-0.5868648605307389,1.0,0.6830575056542785,0.5140347934117774,-1.0,-1.0,-0.8709809173183308
0.1173509945382506,-0.769880661261853,0.5977628724120158,0.6250584525981617,-0.3161352475793431,-0.7601020790092281,1.6888184969659936
-0.7947324903380064,0.18493524218923557,0.17556932899113586,0.2400454657904152,-0.6102711457250127,-0.6743282398185761,-1.2863623597841716
0.5197320601544162,1.0,0.15467265433582245,1.0,0.6084557880821356,1.0,1.9615223343359098
-0.048170538543846675,-0.5618341499228752,-0.45681562821758803,-1.0,-1.0,0.7903729312692268,4.8533977416382585
1.0,-0.32867750376293714,0.14705308762492764,-0.467947477677941,-1.0,-0.4644700611998305,5.547973845134111
-0.9357346966827274,-1.0,-1.0,-0.25102858345329565,1.0,0.29051294966000074,-4.309684425344262
0.4666968490703433,1.0,-0.4221027978663454,-0.06259687596373398,1.0,0.4159694260635374,2.1315762249649803
-1.0,0.2178757336591771,-1.0,-0.8835069628106345,-1.0,0.02889532231438177,-2.69407921452411
-1.0,-0.8253410828123713,-0.5500216395719717,-0.6447313994946419,-0.9794166038240832,-0.5698854283816616,-0.3978607896003018
-0.3937473122015268,1.0,-1.0,0.949276568919934,-1.0,-0.8720929183654456,5.778753491795056
-0.5682164380728997,-1.0,-1.0,-1.0,0.7245087709479698,1.0,-1.1916714342414267
-0.948163302264829,-1.0,-0.633944588652683,0.518051003959503,0.2602552747274991,-1.0,1.7831317427201063
-0.07210554348794979,-0.1378799726893959,-0.4084177143405803,-0.33343237415605625,0.12269692520758968,-1.0,3.3899215553400452
-0.3951994996054258,-0.13115457462684782,0.6299055257429185,0.060561696146663346,1.0,1.0,2.366063132166852
0.398261048440008,0.30568099875024624,1.0,0.672858621739699,-0.23645328059543913,-1.0,3.16980805559248
0.5269822974113076,0.2090191694111987,1.0,0.5571632002702949,0.6443383855083071,0.2981226142850706,-3.023222262030444
-0.38505077228330553,0.04362034380142732,-1.0,-0.8146998155916227,-0.453900618329093,-1.0,3.0250852187549495
-1.0,-1.0,-0.7081612469066553,-0.16143725241945583,-0.5164908785822508,-0.4440138294500153,-2.5228267302900638
0.3220529244318564,0.2773651177136387,0.14728555828191836,0.389861617841077,-0.24519741170255463,1.0,2.9426186630286457
0.16486280140420928,1.0,0.059180277525087144,-0.6633200394255687,-0.23955807685709044,-1.0,0.6460552854257567
-1.0,-1.0,0.4155853468997713,-1.0,-1.0,-1.0,6.747694249465211
-0.7367733262830574,-1.0,-1.0,0.047122330564812964,0.5879728994060137,0.0020106490281856793,-3.0841198210504235
0.06523687525777921,0.1796972635028795,1.0,0.9469184449873296,0.013752956077978051,-0.18340890838022236,-0.8674020817748359
-0.8547226063464969,-1.0,-0.16995699810149023,-1.0,-0.23341021936040524,0.1671028340000105,-1.5420329673786903
0.04633576834066677,0.5177858528956557,-0.5904167611533604,-1.0,1.0,1.0,8.339539175935412
-0.1311276769363276,1.0,1.0,0.9299644137394589,-1.0,1.0,-4.740168078267288
0.7579903309449246,0.7790772158952288,0.8729978557834179,-0.6508447517656331,-0.2820228444597288,-0.2477057289781986,-0.35373351209278814
-1.0,-0.5265908701268434,-0.9704498718861565,-0.13011881746674558,-0.04186386897101768,0.2591696669950457,-1.370653619760687
0.7188381962648333,0.29205983424419046,0.04147239684143167,-0.3251747395562119,-0.9265197607131624,-0.029345965553995823,1.5108287108008265
-1.0,-1.0,-0.8357848624148545,-0.882560501235574,-0.08603730644784723,0.5930960418326645,-5.007830707781647
-0.3345337497979565,0.4524180293014406,-0.619503362353484,-0.04890642014058055,-0.32076576264184165,0.502669637868846,0.9516225240889493
1.0,0.25622630988364836,-0.1852422174821754,0.6861505546871807,0.815140096763137,-0.2563804679214827,-1.2083799243461173
0.6661927645076503,0.13024316670831032,0.6355098150780819,-0.7288209405360992,0.5034307441200657,0.002429445612697867,-0.5361575184793712
-0.6132925415538195,-0.3292141973360135,-1.0,-0.30333705349404916,-0.9924098385020367,-0.39042845768598694,-2.544219075159209
-1.0,0.20959413966321327,-0.19507839595287274,0.5315386610238333,-0.1344966905534351,0.3684078174453588,-0.1719637931550626
0.8619190993261553,0.9215613079565106,0.7237717421728215,1.0,-0.8534321142432509,0.3263429347318584,2.573794796351584
-0.9750457353943337,-1.0,-0.03126847616508288,-1.0,1.0,1.0,1.7839178050782272
-0.452079227634814,-0.7844519655601041,-0.47551837573386446,-1.0,0.5474176816176908,0.09845581302583528,-1.445182293233791
0.1075609529088771,-0.10694851019069677,0.8203879300419649,-0.3033222140188474,-1.0,-0.025486812275630655,0.16904535331363219
-1.0,-0.05837887566553723,0.5921836330094419,-0.6807910343186129,-1.0,1.0,-2.2632782365331123
0.15122898340047652,0.13409256286401983,0.025742501549695318,-0.1963594128974081,-0.7573214594677118,-0.7655764241709249,1.094612755166374
-1.0,-0.5539455024582134,-0.864704767338472,-1.0,0.2992194437856598,1.0,1.9806806073999517
0.87704823527335,0.0810049393815111,1.0,0.8961005782111764,1.0,-0.24727322964856874,-3.9435118762574306
1.0,0.9750688012723541,0.5635103346971098,1.0,0.02479212761322752,-1.0,5.041972832618031
-0.09683885053116334,-0.00522205737166611,-1.0,-1.0,1.0,-0.014642242046745635,-0.4069788596304651
-0.16871095904811562,0.5986447416756127,-1.0,-1.0,0.7356609493321775,0.14148815492718936,1.1791047363626745
-0.4361066371845973,-0.27220558086013447,0.28820505700465976,0.06871043296688106,0.7806704309887027,1.0,2.4619425494312948
1.0,0.4832304316016185,1.0,0.27651899145761183,0.5363204810013734,1.0,-3.4428318105704703
0.23182697540632502,0.47572586750321155,1.0,-0.5947003769697038,0.707110096607267,-0.8985656870087704,0.04627426367562687
-0.4690503023241639,-1.0,-0.8951861232923555,-0.6144425258401116,-0.5975960627223889,-0.6960102124214838,-0.9039657286556054
-1.0,-1.0,-0.9763464950108532,-1.0,0.08840042666158243,-1.0,2.884880979987254
1.0,0.5265950318588879,1.0,0.9034873926008689,0.7958583331401898,-1.0,-2.566967604149894
0.13813292533756433,0.1293822495027331,0.030686098145439877,-0.17404333596207186,-1.0,-0.6333221495794723,0.8820541390154825
-0.9083845843957044,-1.0,-0.4523999460941428,-1.0,-0.88367983853132,-1.0,4.919976866406803
-1.0,0.23774997838461265,-0.0697119110814195,-0.4574823997784918,0.8844235462045595,0.6149075906114351,2.6936868183408493
-0.30568790868232487,-0.971074563973812,0.3716724841742706,-0.33043149742715067,-0.2528951252543088,-0.9180881047002016,4.46080680024781
0.5029320983829341,0.1525884192921515,0.046703051840772,-0.6574874980348948,0.21422558496129418,1.0,2.9257219393249954
-0.11249529686306325,1.0,0.6070677277596839,0.8248264918839707,1.0,1.0,-0.1729073908194203
-1.0,-1.0,0.4496601856734068,-0.8648402222454905,-0.09627173384719223,0.2738562324397398,-1.1587099301265562
-1.0,-1.0,-0.5278664631459222,-0.019031714496162255,-1.0,0.15867077927584824,-3.70164962765026
-1.0,-1.0,-0.6008597685617376,0.3901209645646247,0.4513942532000529,-1.0,3.168024367234305
1.0,1.0,0.056433543713265255,1.0,0.5632323419001793,-0.5277446410193074,-0.13154710735758957
-1.0,-0.19790030633023947,-0.7991295364748643,-0.012162361226535912,-1.0,-1.0,0.3280430641229455
1.0,0.4394519154868125,1.0,-0.5315668302537615,1.0,0.5265939297585394,-4.026916831075064
-1.0,-1.0,-0.49760687311735474,-0.2675653584302078,0.1397783909459083,-0.444694009044722,0.611745769524016
0.36267680327989504,0.4443566256986986,0.8247079801825037,0.0915282688508475,-0.9077971838319423,1.0,2.719580516676986
0.6708155300761047,1.0,1.0,0.8404005934315849,-0.37869783745275065,0.4550841260244066,-1.8388618826307483
-0.3747388157321814,0.8013524883790631,-1.0,-0.4321065217483971,0.24121547595380088,-1.0,4.293352718153185
0.9291928712716201,-0.9424719733548541,0.14183733667236903,0.6928002094254992,-0.05349905099079777,-0.8413241781166618,4.640078371378213
1.0,0.8968228929652071,1.0,1.0,-1.0,-0.91524711042344,7.749282170104776
-1.0,-1.0,-0.18828356254913958,-0.2322571842916034,-0.656272702889404,-1.0,3.2546744985762954
-0.20427166796350965,1.0,0.556098818879229,1.0,1.0,-0.759567243568037,-2.3524298837737163
-0.598473931847112,-0.3008816358530476,-1.0,-1.0,-1.0,-1.0,2.3645394244442492
1.0,0.759353767797748,1.0,1.0,0.49799443847396563,0.02877827354985074,-4.843596204206628
-1.0,-1.0,-0.7372452427982598,-0.7112709227553949,-0.8054830165184155,-0.5342810013362704,-0.1734878086579199
-0.11031776373871638,-0.7912712293797206,-0.2884263619296218,0.7616933601712549,0.5410157841721246,1.0,4.058791767488959
-0.6029628030411073,-0.6906593912077039,-1.0,-1.0,-1.0,-0.05045086138914234,-0.07364564970399101
1.0,0.308128465525908,0.5899589030430572,0.48321644671278285,1.0,1.0,-1.6737055490667938
-0.5895542380361016,-0.05342034145751784,-0.6556292593114199,-0.7954340434542557,-0.7766868826217926,-0.09628452931475284,-1.956201418047631
1.0,1.0,0.9882588807502166,1.0,-0.7423556196278278,-0.7982854440667063,6.538954313999444
-1.0,-0.3752010269650168,-0.12388110007496955,-1.0,0.23586793727437022,-0.6077961354161919,2.462210313422527
0.6519600066536452,0.88829873305618,0.10691495602325848,0.10790026152475529,1.0,0.4225693024943864,-0.6023244626866034
0.3640921889051332,-0.6764026135359031,1.0,-0.7469211294267887,-1.0,-0.7874800275994022,5.433719653762239
0.7447613798252252,-1.0,-0.024942462856274217,1.0,0.4993344304577738,1.0,3.306086852785027
-1.0,-1.0,0.5513204582429727,-1.0,0.8172991043287661,0.2710935615552861,0.053495347008938765
-0.47422184628492214,0.43909354204272566,-0.5560466211071411,-0.011648880892248137,0.02111693049541863,0.815242152976142,3.5904480369801983
-0.7215220496255823,-1.0,-1.0,-0.536692098023744,1.0,1.0,2.262722631861633
0.36242174138243677,-0.43455684309616455,0.6543801859454641,0.19866517568665176,-0.03333588124241871,0.6320704761198407,0.22017338692882826
-0.5587685919024544,-0.3690655836530885,1.0,-0.4092469966781664,-0.9472076330364152,-0.9314628527097364,-1.0672740528844886
0.28011787774590946,0.44062978829465377,0.8141337934288833,0.03615830387594532,0.012869517132874209,1.0,0.4116815165428139
0.06951253170150168,0.6476913921975335,0.6943985726967151,-0.35252976707532613,-0.8032869927991272,0.9001802391536282,1.891001346659122
-0.6936723841086827,-1.0,-1.0,-0.1432285281157042,-0.8642661198597605,-0.40392953255981845,-3.166643988623786
0.661219445211656,-0.39797052225490803,-0.38903065023276395,0.5548261436725097,0.8358583789408641,1.0,2.2419874926168935
0.6671258065650247,0.18726003964193128,0.3597395557552938,0.2687813320699278,0.7292103241217355,1.0,1.3041946947225969
0.842761384592685,-0.34707701615454645,-1.0,-0.6432207595224659,1.0,1.0,-0.9393850844266449
-0.9931572907860077,0.07805073907099336,-1.0,-1.0,-0.9573193671320945,-1.0,0.9150612921055767
0.14209106109243352,-0.07371701447007839,0.5031085998973229,0.5402392974694378,1.0,0.7369296392851721,0.43517048632238714
-0.16030651336683965,0.5026933411746843,-0.22151444383330388,0.011276489813118795,0.3695941033672691,-1.0,1.81187220170388
0.6019725635055683,0.30347146732356767,-0.4690387785792087,0.9102434928005894,0.9803458292609035,1.0,2.7631017617583535
0.07983695845012773,1.0,1.0,1.0,0.4356799257226714,0.42273811180061843,-5.743216979068382
-0.5494045692150297,-0.82824111149228,0.8263185212339985,-1.0,-0.597068835839969,-0.06242593229573823,-0.1367357146773185
0.7625751751070282,-1.0,-1.0,-0.15418652426170087,0.3995918408766733,0.7259713971536568,-3.2891262080200123
0.05538204850344153,-0.4676408272620477,1.0,-1.0,1.0,0.2346280622949788,-1.8166355976671371
1.0,0.5432732013306703,1.0,0.8219778467111518,0.14015449278287775,0.16833259906446194,-2.1199854161553446
0.2560885528812341,-1.0,0.9689203895619438,1.0,0.05056610478233059,-0.1193549634712987,1.0239928189614873
0.6319676317874247,0.3457401106722112,-0.37670422493943145,-0.06526266423380733,0.42838317418466354,-0.45531841568582004,0.0492528671706004
-0.09346578243616566,-1.0,-1.0,0.002169900904324784,1.0,1.0,3.7563470574601943
1.0,1.0,0.6254968593813005,-0.07009676097749784,-0.3898917858120049,0.5764420874367728,-1.2110478064730763
-1.0,-0.7572146373185222,-0.514612949647522,-1.0,0.13642418088473862,-0.19281626308658795,-1.1812780031252403
-0.08157675261097674,-1.0,-0.7476223969051831,-1.0,-0.7937491495466722,-0.43352737843091416,3.1314318244328883
0.5294065740026276,-0.5724462141900116,-1.0,-0.027146631452567335,0.03801015249631447,1.0,3.4897144566325635
-0.006110136353229059,0.8334921431491962,1.0,0.30784879089431,0.2665363846439107,-1.0,-0.3056664603183712
1.0,0.38614334528864513,0.5201204009626291,0.4236878985096893,0.06728823802035583,0.6781011669016678,-0.8428959637453851
-1.0,-0.6402475266064731,-0.8385761868406343,-1.0,0.5498100275439872,0.3048900033975034,-2.677885158464205
1.0,0.8526404237207372,1.0,1.0,0.5739771063762469,1.0,-7.668504640019203
-0.7729733779593986,-0.165519590026467,-1.0,-0.7822709955068468,1.0,1.0,6.9467462525609305
-1.0,-0.19004619608745843,-0.8696340772590245,-0.8216601274461397,0.1450771208072814,-0.04542547677234565,-1.9583025902722309
1.0,0.14983082681085536,-1.0,0.5236670406359468,0.9801352167340462,0.5503738818075781,-2.652637723767258
0.3061134715596748,-0.480171701684287,-0.15566967988200642,-1.0,-1.0,0.4885522328809482,4.410585771321841
-1.0,-0.5959016452720429,0.8314418828874425,-1.0,1.0,0.027164498660590425,2.284697735533709
-1.0,-0.07932302424418536,-0.3033541308865846,-0.7337238116772061,-0.6263693090482493,0.212114217704642,-1.2664428677507942
0.8776897661603992,-0.5071939882916656,0.9241459090295603,-0.5124300115622518,1.0,1.0,-5.951747926381903
-0.03556495547141414,0.5149398664353025,1.0,0.37877716804943895,0.11300128280284344,-0.014357210026453404,-1.0035949627751384
-1.0,0.17234764441557815,0.6356387224555401,-0.12758719961474674,0.6762442113318252,-0.3177847947268635,1.544661955244567
-1.0,-0.7943979344317988,-1.0,-0.14649217837489914,0.17458673397421043,1.0,4.058456390570623
-1.0,-0.8704302798412762,-1.0,-1.0,1.0,-0.04827487998686733,-5.385100368658607
-1.0,-0.49515729623004345,-1.0,-0.8352934315623551,-1.0,-0.8934441676403096,2.361254367221233
0.7331045123318343,1.0,0.5176913469576412,-0.024448771009083936,-0.6806093151273174,-1.0,2.3146493434776305
-0.7073893666941939,-0.007996915869862176,-1.0,-0.9170583724432425,-0.4254933525998472,-1.0,3.237367588813899
0.46472821784699064,-0.8710925934678764,0.37844760743405026,0.6747475454709488,1.0,0.5813383908912673,-1.1073792544043295
0.25054844204913856,1.0,-0.6569879051451419,-0.03123506888237579,-0.6405571554166754,0.5531439575772276,4.422396690483347
0.06395316884299063,1.0,1.0,1.0,0.24243954394574696,1.0,-6.311443878030883
0.4561753309409393,-1.0,-0.28524753660761765,0.5710395625462412,-1.0,-1.0,4.918837995992796
-0.30639429848368566,-0.03344913907836067,-0.6927024609197389,1.0,0.3954536311081245,-0.8144345224603371,1.3495990170598446
-0.05798427144356977,0.014109169730935928,-0.8189626402695882,-0.3963116789766734,0.6150919033196383,0.8936774926765974,5.0987232042701764
0.20179193627633826,0.40312591529058117,0.22584258003901667,1.0,1.0,0.5130079654691466,1.4817060611727815
0.5838267717541255,-0.2405330931183502,0.52854132328125,1.0,-1.0,-0.6388677024418087,3.6932272617895947
-0.6795582383768994,0.9025179536390567,0.6779390497824999,0.9043941209735857,-1.0,0.19075367256423037,-2.2035015827833364
0.800642991275232,0.36600435384573227,1.0,0.6837801692262919,0.9781486372786194,0.2638296713489262,-4.663976506805337
-0.8058450147575992,-0.2418637083041528,0.9616785107584993,-1.0,0.2872328167943832,0.5358555006554597,-2.5349546083039205
0.853781808240252,1.0,1.0,0.3038254558696394,-1.0,-0.03027769198499508,1.0374130332846985
-0.6376255450982886,-0.02484909319016146,0.14759771197105404,-0.7609565613569792,0.12466111839192928,0.29889656986921787,0.843789483712116
0.1132484825379193,-0.8996972197683606,-0.6978347704817404,-0.5529367830351254,1.0,0.8878345179584941,0.08105132585954031
0.5365262216507052,1.0,0.5477728885843274,1.0,0.24898886903799017,0.3923031463360592,-2.7548205116071447
0.3005538815131355,-0.41665027833843593,-0.4610303983258133,-0.09805703061676677,-0.1800722256192192,-1.0,3.577097814189772
0.4480563516493956,0.044384722205314926,-0.8053334593663655,0.9583462617766068,-0.9118125991313557,0.5228488988668369,2.3960830090038687
1.0,1.0,-0.7388882038351158,1.0,-0.3701899807730167,-0.25648840857243194,4.5659900411155165
0.7587078694903542,-0.18198522887724722,-0.47184881112840504,-0.21262415127319056,0.8755246559241789,0.7056407918404123,-0.8134220365416607
-0.02927319048715397,-1.0,-0.947933496112548,-1.0,0.4669649935369472,0.8835592777184588,-1.9933797959940927
-0.06534139387192736,-0.7229885163054915,1.0,0.07310270315233863,0.13792173584132733,0.7269237894012789,-1.5081803650612713
1.0,1.0,-0.2585853522792828,0.9916176988929107,1.0,-0.15086000517688825,-1.3443995711020749
-0.5822717831308315,-0.08947645196831777,-1.0,-1.0,-0.04562050028110409,-0.7858112060782082,0.9042620558378329
-0.04143998441605867,-0.2901574114921603,0.5086885438596154,0.8214838906384052,0.45096945209609185,1.0,2.7008502458650323
1.0,0.00037557331709270336,0.5462860093451607,0.34955737560395367,0.057477436991791184,-0.1700130926853598,-0.24924301118306574
-0.5891665760638534,-0.6999202726519231,-1.0,-1.0,1.0,0.2871797740901565,-2.507508111750665
-0.5420025394392974,-0.7754126468264964,-1.0,-0.9938362131275531,-1.0,0.0842285284745059,-0.5987396045957193
0.1795125641493785,-0.4186765374513415,0.19416567218172676,0.03887100757282125,-0.5737497696078203,-0.37761749965727376,0.5989437966664608
0.4598928228225396,1.0,1.0,0.012945321928240494,1.0,0.37795395525193376,-3.4740623569496316
0.5267586448696037,0.6381912229676706,-0.4814009648928927,-1.0,-1.0,-1.0,4.614186126303043
-0.21500346987545882,-1.0,-0.8364677728731276,-1.0,0.29287457488450686,-0.8734572538689618,1.5570288534368995
0.9442696483784252,0.28075057566912376,1.0,0.624828447108954,-0.745383788986095,-1.0,6.953539909335233
1.0,-0.4609959383723392,-1.0,-0.7742101142961745,-0.35365317430466836,-0.08837620599277834,1.9024126908167416
-0.11249540076050213,-0.18101089200876042,0.9226147588732042,-0.5992798134560604,-0.03230054717469866,0.9035083130392265,-0.9961741509166102
-0.24548196574230907,-0.29849647084197267,-1.0,-0.08576829428253463,-0.7591381572526263,-0.9456186554054828,1.1594381842525268
0.7933235509372261,-0.10276074244507727,-0.6632985135681361,1.0,-0.22409745355363858,0.01481766469034343,-0.38912980836781064
-1.0,-0.18694329574453317,-0.19184504691658089,-0.12318007528690211,-0.13193118269522297,0.25468470036747776,-0.5004092731955384
-1.0,-1.0,-0.9993165938496107,-0.44887434953623884,0.9554812762138638,0.14560080521326868,-5.9149333497899885
-1.0,-1.0,-0.6941476948786001,-1.0,-1.0,-0.7642079197172764,2.466573303023435
-0.884872346091075,-1.0,-0.9802278691475044,-0.8990969012147172,0.37464621662268244,-0.3675872958298623,-4.542693184970159
0.033532155222249393,0.6247199699685435,1.0,0.571943771350268,-0.3074323508853648,-0.3727169179494914,0.14900732785720688
-0.5336036127369894,-0.19217542258104658,-0.26490795973292136,-1.0,1.0,1.0,5.549072296376877
1.0,0.0033465581214260354,1.0,1.0,1.0,0.6407220916186984,-6.426661556771464
-0.24701650112327833,0.7367671387858983,-0.516758426805453,-0.834207496649952,-0.06853090081027569,-1.0,0.028305656012627356
0.16052384805894415,0.23871563663986672,0.9880336547598358,0.5634064458035266,0.17169037082106842,0.020598785697167665,-0.8880581617919312
0.39000877996249883,-0.35081083767267784,0.2915900379729213,-0.6958835548020279,-1.0,0.2519567507537781,2.552530935930706
-0.9531158021538211,-0.31860346380355087,-0.5493723815467355,-0.2969404647474383,-0.04126755333702903,-0.25134358429521164,-0.8884138404616759
0.7252452417925097,0.9438001022626121,-1.0,-1.0,0.6837785992785959,0.6750047818093046,4.109837362514809
0.587964893930744,0.24348754892443963,-0.8494001076822508,0.6474451583892407,-1.0,-1.0,3.4062485982024335
0.03505223998429008,0.8928574109748739,-0.36427920947535825,1.0,1.0,-0.6015867003285622,0.421040762403418
-0.24849753893945595,-0.4388769974405929,-0.4016836091908764,0.8708098942450109,0.15817437728612416,-0.363048786361056,-0.5544424951611311
0.03959195066100152,-0.8157267548237233,-0.6170882112472689,-0.9679314237645822,0.41828741224590005,0.18668181447555054,-1.449453435665505
0.1885886689802183,1.0,1.0,1.0,1.0,1.0,-5.58397717169887
0.18611590077779216,0.2919344359308029,1.0,0.8776065608686483,-0.33476697593810956,-0.0651052300266542,-1.069398345102435
0.45530948696278795,0.23561291611812696,-1.0,1.0,-0.7722157968343886,1.0,5.32640928621359
0.8125733183203455,0.28339901800008427,1.0,-0.13695831970769612,-0.9622371359387252,-0.2579652417189525,3.832653889542116
-1.0,0.2441408447621487,-1.0,-0.4545802369936831,-0.9652331143469131,-1.0,1.4713449717511338
1.0,0.5243181892043995,0.33960490849129565,1.0,-1.0,-0.5573205892480391,5.770563364795101
